ID_FISCALIZACAO_ELETRONICA;DESC_LOC_CONTROLADOR_TRANSITO;DESC_TIPO_CONTROLADOR_TRANSITO;VELOCIDADE_REGULAMENTAR;SENTIDO;SENTIDO_FISCALIZADO;NUM_SERIE_ATUAL;COD_SECUNDARIA;GEOMETRIA;;
48;Av. do Contorno, 629;Controlador Eletrônico de Velocidade;60;PraÃ§a da EstaÃ§Ã£o-RodoviÃ¡ria;único;3300;;POINT (611314.17 7797658.78);;
49;Av. do Contorno, 4045 e oposto ao 4045;Controlador Eletrônico de Velocidade;60;Savassi-Santa EfigÃªnia e Santa EfigÃªnia-Savassi;Ambos;3301;;POINT (612815.29 7795956.83);;
50;Av. do Contorno, oposto ao 5445;Controlador Eletrônico de Velocidade;60;SÃ£o Lucas-Savassi;único;3268;;POINT (612174.53 7794879.38);;
51;Av. do Contorno, 10730;Controlador Eletrônico de Velocidade;60;Barro Preto-Centro;único;3265;;POINT (609920.35 7797270.19);;
52;Av. do Contorno, 10812;Controlador Eletrônico de Velocidade;60;Centro-Barro Preto;único;3264;;POINT (610005.11 7797283.62);;
53;Av. dos Andradas, 3470 e oposto ao 3470;Controlador Eletrônico de Velocidade;60;Bairro-Centro e Centro-Bairro;Ambos;3302;;POINT (613863.96 7797171.59);;
54;Av. dos Andradas, 4020 e oposto ao 4020;Controlador Eletrônico de Velocidade;60;Bairro-Centro e Centro-Bairro;Ambos;3303;;POINT (614152.27 7798098.83);;
55;Av. dos Andradas, 7110 e oposto ao 7110;Controlador Eletrônico de Velocidade;60;Bairro-Centro e Centro-Bairro;Ambos;3263;;POINT (615152.12 7798825.51);;
56;Av. Eliseu Resende esquina com R. Lotus;Controlador Eletrônico de Velocidade;60;R. Ãšrsula Paulino-Av. Teresa Cristina e Av. Teresa;Ambos;3372;;POINT (605030.52 7792095.12);;
57;Av. Heráclito Mourão de Miranda, 2474;Controlador Eletrônico de Velocidade;60;Pampulha-AlÃ­pio de Melo;único;3304;;POINT (604697.04 7802053.87);;
58;Av. Heráclito Mourão de Miranda, 2491;Controlador Eletrônico de Velocidade;60;Pampulha-AlÃ­pio de Melo;único;3269;;POINT (604704.66 7802095.80);;
61;Av. José Cândido da Silveira, 509;Controlador Eletrônico de Velocidade;60;Bairro-Centro;único;3258;;POINT (612796.22 7799950.74);;
62;Av. José Cândido da Silveira, 1500;Controlador Eletrônico de Velocidade;60;Centro-Bairro;único;3270;;POINT (613464.46 7800959.88);;
64;Av. Olinto Meireles, 250 e oposto ao 250;Controlador Eletrônico de Velocidade;60;Bairro-Centro e Centro-Bairro;Ambos;3278;;POINT (603203.48 7791154.87);;
66;Av. Waldyr Soeiro Emrich a 118 metros da R. Alfredina Amaral;Controlador Eletrônico de Velocidade;60;BetÃ¢nia-Barreiro;único;3314;;POINT (604182.07 7790831.85);;
67;Av. Waldyr Soeiro Emrich a 68 metros da R. dos Americanos;Controlador Eletrônico de Velocidade;60;BetÃ¢nia-Barreiro e Barreiro-BetÃ¢nia;Ambos;3307;;POINT (603946.84 7790323.58);;
68;Av. Waldyr Soeiro Emrich a 45 metros da R. Aladim Correa de Faria;Controlador Eletrônico de Velocidade;60;JatobÃ¡-MilionÃ¡rios e MilionÃ¡rios-JatobÃ¡;Ambos;3253;;POINT (602830.48 7789126.51);;
69;Av. Teresa Cristina, 820;Controlador Eletrônico de Velocidade;60;Centro-Bairro;único;3254;;POINT (608326.92 7797361.79);;
70;Av. Teresa Cristina oposto ao 888;Controlador Eletrônico de Velocidade;60;Bairro-Centro;único;3282;;POINT (608271.64 7797332.14);;
71;Av. Teresa Cristina, 2350;Controlador Eletrônico de Velocidade;60;Centro-Bairro;único;3288;;POINT (607388.48 7796741.37);;
72;Av. Teresa Cristina a 27 metros da R. Monte Simplon;Controlador Eletrônico de Velocidade;60;Bairro-Centro;único;3255;;POINT (606449.02 7796171.48);;
73;Av. Teresa Cristina, 3826;Controlador Eletrônico de Velocidade;60;Centro-Bairro;único;3289;;POINT (606413.01 7796141.12);;
74;Av. Teresa Cristina a 25 metros da R. Carmo da Cachoeira.;Controlador Eletrônico de Velocidade;60;Centro-Bairro;único;516303156;G6102;POINT (605968.84 7793974.03);;
192;R. Pacífico Mascarenhas esquina com Av. dos Andradas;Detector de Avanço de Semáforo;40;Santa EfigÃªnia-Santa Tereza;único;593;;POINT (612883.51 7796980.13);;
193;Viaduto Jornalista Oswaldo Faria esquina com Av. dos Andradas;Detector de Avanço de Semáforo;60;Bairro-Centro;único;289;;POINT (611579.51 7797581.15);;
194;Av. Saramenha esquina com Av. Cristiano Machado;Detector de Avanço de Semáforo;60;Bairro-Centro;único;271;;POINT (611704.35 7805462.28);;
195;Av. Cristiano Machado esquina com Av. Saramenha;Detector de Avanço de Semáforo;70;Bairro-Centro;único;261;;POINT (611674.62 7805430.68);;
196;Av. Cristiano Machado esquina com Av. Saramenha;Detector de Avanço de Semáforo;70;Centro-Bairro;único;565;;POINT (611708.04 7805440.30);;
197;Av. Cristiano Machado esquina com Av. Saramenha;Detector de Avanço de Semáforo;70;Centro-Bairro;único;286;;POINT (611701.45 7805435.71);;
198;Av. Cristiano Machado esquina com Av. Waldomiro Lobo;Detector de Avanço de Semáforo;60;Bairro-Centro;único;567;;POINT (611738.00 7805230.45);;
199;Av. Cristiano Machado esquina com Av. Waldomiro Lobo ;Detector de Avanço de Semáforo;60;Centro-Bairro;único;296;;POINT (611779.80 7805115.03);;
200;Av. Presidente Juscelino Kubitschek esquina com R. Dom João Antônio dos Santos;Detector de Avanço de Semáforo;60;Centro-Bairro;único;599;;POINT (606215.36 7796706.33);;
201;Av. Presidente Juscelino Kubitschek esquina com R. Dom João Antônio dos Santos;Detector de Avanço de Semáforo;60;Centro-Bairro;único;598;;POINT (606212.97 7796710.99);;
202;Av. Alfredo Balena esquina com R. dos Otoni;Detector de Avanço de Semáforo;60;Bairro-Centro;único;591;;POINT (612076.03 7796445.74);;
203;Av. Alfredo Balena esquina com R. dos Otoni;Detector de Avanço de Semáforo;60;Centro-Bairro;único;592;;POINT (612077.32 7796430.85);;
204;Av. Alfredo Balena, 110 e oposto ao 110;Detector de Avanço de Semáforo;60;Bairro-Centro e Centro-Bairro;Ambos;266;;POINT (612164.34 7796485.84);;
205;Av. Alfredo Balena, oposto ao 110;Detector de Avanço de Semáforo;60;Centro-Bairro;único;281;;POINT (612167.16 7796480.96);;
206;Av. Presidente Antônio Carlos, 1694;Detector de Avanço de Semáforo;60;Centro-Bairro;único;579;;POINT (610103.45 7799528.51);;
207;Av. Silva Lobo, 865 e oposto ao 865;Detector de Avanço de Semáforo;60;Bairro-Centro e Centro-Bairro;Ambos;580;;POINT (607617.74 7795764.66);;
208;Av. Risoleta Neves entre R. Santa Maria e Av. Saramenha;Detector de Avanço de Semáforo;60;Centro-Bairro;único;575;;POINT (613571.56 7805177.13);;
209;Av. Risoleta Neves entre Av. Saramenha e R. Santa Maria;Detector de Avanço de Semáforo;60;Bairro-Centro;único;576;;POINT (613543.29 7805203.28);;
353;Av. Presidente Carlos Luz entre Anel Rodoviário e Praça Pedro Mello;Controlador Eletrônico de Velocidade;60;Centro-Bairro;único;2200012;GCT012;POINT (607235.26 7801369.82);;
261;Av. Cristiano Machado esquina com R. Tamboril;Controlador Eletrônico de Velocidade;60;Bairro-Centro;único;8968;;POINT (611365.74 7798697.11);;
262;"Av. Cristiano Machado esquina com R. Tamboril 
";Controlador Eletrônico de Velocidade;60;Bairro-Centro;único;8969;;POINT (611367.36 7798693.46);;
263;Av. Cristiano Machado esquina com R. Zaira de Paula;Controlador Eletrônico de Velocidade;60;Bairro-Centro;único;8974;;POINT (612088.80 7800368.14);;
264;Av. Cristiano Machado esquina com R. Zaira de Paula;Controlador Eletrônico de Velocidade;60;Bairro-Centro;único;8975;;POINT (612094.27 7800369.92);;
265;Av. Cristiano Machado, 1320 ;Controlador Eletrônico de Velocidade;60;Centro-Bairro;único;8959;;POINT (612231.37 7799323.13);;
175;Av. do Contorno esquina com Av. Amazonas;Detector de Avanço de Semáforo;60;Barro Preto-Savassi;único;253;;POINT (609125.62 7796000.95);;
176;Av. do Contorno, 8995;Detector de Avanço de Semáforo;60;Barro Preto-Savassi;único;264;;POINT (609137.37 7795965.87);;
177;Av. Amazonas esquina com Av. Francisco Sá;Detector de Avanço de Semáforo;60;Centro-Bairro;único;255;;POINT (608867.05 7795936.27);;
178;Av. Amazonas esquina com Av. Francisco Sá;Detector de Avanço de Semáforo;60;Bairro-Centro;único;295;;POINT (608848.95 7795917.36);;
179;Av. Amazonas esquina com R. Olinda;Detector de Avanço de Semáforo;60;Bairro-Centro;único;284;;POINT (607433.41 7795932.16);;
180;Av. Amazonas esquina com R. Olinda e R. Olinda esquina com Av. Amazonas;Detector de Avanço de Semáforo;60;Bairro-Centro;único;279;;POINT (607431.92 7795921.46);;
181;Av. Amazonas esquina com R. Visconde de Cairú;Detector de Avanço de Semáforo;60;Bairro-Centro;único;597;;POINT (604069.01 7794208.54);;
182;Av. Amazonas, 8888;Detector de Avanço de Semáforo;60;Centro-Bairro;único;596;;POINT (604062.07 7794221.04);;
183;Av. do Contorno esquina com R. Paulo de Frontim;Detector de Avanço de Semáforo;60;Centro-Barro Preto;único;288;;POINT (610563.76 7797700.60);;
185;Av. do Contorno esquina com R. Paulo de Frontim;Detector de Avanço de Semáforo;60;Barro Preto-Centro;único;274;;POINT (610576.67 7797646.74);;
186;Av. do Contorno esquina com Av. Amazonas;Detector de Avanço de Semáforo;60;Savassi-Barro Preto;único;563;;POINT (609148.31 7795974.59);;
187;Av. dos Andradas esquina com R. dos Caetés;Detector de Avanço de Semáforo;60;Viaduto Jornalista Oswaldo Faria-Viaduto Santa Ter;único;273;;POINT (611501.79 7797320.07);;
188;Av. dos Andradas esquina com R. dos Tupinambás;Detector de Avanço de Semáforo;60;Viaduto Jornalista Oswaldo Faria-Viaduto Santa Ter;único;558;;POINT (611459.46 7797174.80);;
189;Av. dos Andradas esquina com R. dos Tupinambás;Detector de Avanço de Semáforo;60;Viaduto Santa Tereza-Viaduto Jornalista Oswaldo Fa;único;559;;POINT (611474.59 7797154.27);;
190;Av. do Contorno esquina com R. do Ouro;Detector de Avanço de Semáforo;60;Serra-Santa EfigÃªnia;único;594;;POINT (612594.45 7795675.54);;
191;Av. José Cândido da Silveira, 1200 e oposto ao 1200;Detector de Avanço de Semáforo;60;Bairro-Centro e Centro-Bairro;Ambos;572;;POINT (613207.77 7800565.53);;
286;Av. Cristiano Machado, 1320;Controlador Eletrônico de Velocidade;60;Centro-Bairro;único;8960;;POINT (612226.11 7799323.79);;
287;Av. Cristiano Machado, oposto ao 4001;Controlador Eletrônico de Velocidade;60;Centro-Bairro;único;8964;;POINT (612168.80 7801786.54);;
288;Av. Dom Pedro I, 2062;Controlador Eletrônico de Velocidade;60;Centro-Bairro;único;8971;;POINT (608882.35 7807184.98);;
361;Av. Amazonas esquina com R. Pedra Bonita;Detector de Avanço de Semáforo;60;Centro-Bairro;único;3014;241705001;POINT (608334.29 7795814.90);;
362;Av. Amazonas esquina com R. Pedra Bonita;Detector de Avanço de Semáforo;60;Centro-Bairro;único;3015;122420160;POINT (608332.71 7795820.34);;
363;Av. Amazonas esquina com R. Pedra Bonita;Detector de Avanço de Semáforo;60;Centro-Bairro;único;3015;122420160;POINT (608338.95 7795821.55);;
364;Av. Amazonas esquina com R. Pedra Bonita;Detector de Avanço de Semáforo;60;Centro-Bairro;único;3014;241705001;POINT (608340.51 7795816.01);;
365;Av. Carandaí­ esquina com Av. Afonso Pena;Detector de Avanço de Semáforo;60;Santa EfigÃªnia-Centro;único;1676;;POINT (611612.36 7796246.90);;
366;Av. Carandaí­ esquina com Av. Afonso Pena;Detector de Avanço de Semáforo;60;Santa EfigÃªnia-Centro;único;1676;;POINT (611601.86 7796269.90);;
367;Av. Dom Pedro II esquina com R. Antônio Peixoto Guimarães;Detector de Avanço de Semáforo;60;Centro-Bairro;único;1045;;POINT (607386.20 7797866.64);;
368;Av. Nossa Senhora do Carmo esquina com Praça da Harmonia (Pista Externa);Detector de Avanço de Semáforo;60;Centro-Bairro;único;1362;;POINT (611417.34 7794014.93);;
369;Av. Nossa Senhora do Carmo esquina com Praça da Harmonia (Pista Interna);Detector de Avanço de Semáforo;60;Centro-Bairro;único;1369;;POINT (611421.72 7794013.26);;
370;R. Edgard Torres esquina com Av. Vilarinho;Detector de Avanço de Semáforo;60;Minas Caixa-Venda Nova;único;1407;;POINT (609040.98 7808941.73);;
321;Av. Nossa Senhora do Carmo, 1448;Detector de Avanço de Semáforo;60;Centro-Bairro;único;3001;122420148;POINT (611081.63 7793436.20);;
322;Av. Nossa Senhora do Carmo, 1448;Detector de Avanço de Semáforo;60;Centro-Bairro;único;3002;122420150;POINT (611085.27 7793433.21);;
323;Av. Nossa Senhora do Carmo, 1448;Detector de Trânsito em Local Proibido;60;Centro-Bairro;único;3002;122420150;POINT (611084.45 7793439.46);;
324;Av. Nossa Senhora do Carmo, 1448;Detector de Trânsito em Local Proibido;60;Centro-Bairro;único;3001;122420148;POINT (611087.85 7793436.80);;
325;Av. Raja Gabaglia, 1710;Detector de Avanço de Semáforo;60;Centro-Bairro;único;3003;122420151;POINT (608687.75 7793763.72);;
326;Av. Raja Gabaglia, 1710;Detector de Trânsito em Local Proibido;60;Centro-Bairro;único;3003;122420151;POINT (608691.10 7793763.18);;
327;Av. Raja Gabaglia, 1799;Detector de Trânsito em Local Proibido;60;Bairro-Centro;único;3004;122420149;POINT (608702.60 7793752.58);;
328;Av. Raja Gabaglia, 1799;Detector de Avanço de Semáforo;60;Bairro-Centro;único;3004;122420149;POINT (608699.24 7793753.13);;
329;Av. Dom Pedro II esquina com R. Espinosa;Detector de Avanço de Semáforo;60;Centro-Bairro;único;3005;122420173;POINT (608994.09 7798318.40);;
330;Av. Dom Pedro II esquina com R. Espinosa;Detector de Avanço de Semáforo;60;Centro-Bairro;único;3006;122420170;POINT (608995.76 7798322.05);;
331;Av. Dom Pedro II esquina com R. Espinosa;Detector de Trânsito em Local Proibido;60;Centro-Bairro;único;3006;122420170;POINT (609000.13 7798319.43);;
332;Av. Dom Pedro II esquina com R. Espinosa;Detector de Trânsito em Local Proibido;60;Centro-Bairro;único;3005;122420173;POINT (608998.10 7798315.90);;
333;Av. Dom Pedro II esquina com R. Espinosa;Detector de Trânsito em Local Proibido;60;Bairro-Centro;único;3007;122420169;POINT (608976.84 7798316.03);;
334;Av. Dom Pedro II esquina com R. Espinosa;Detector de Avanço de Semáforo;60;Bairro-Centro;único;3007;122420169;POINT (608980.36 7798314.21);;
335;Av. Dom Pedro II esquina com R. Espinosa;Detector de Trânsito em Local Proibido;60;Bairro-Centro;único;3008;405405038;POINT (608975.23 7798312.95);;
336;Av. Dom Pedro II esquina com R. Espinosa;Detector de Avanço de Semáforo;60;Bairro-Centro;único;3008;405405038;POINT (608978.69 7798310.87);;
337;Av. Presidente Antônio Carlos, 1089;Detector de Avanço de Semáforo;60;Bairro-Centro;único;3009;122420146;POINT (610340.94 7799109.30);;
338;Av. Presidente Antônio Carlos, 1089;Detector de Avanço de Semáforo;60;Bairro-Centro;único;3010;122420157;POINT (610344.76 7799111.69);;
339;Av. Presidente Antônio Carlos, 1089;Detector de Trânsito em Local Proibido;60;Bairro-Centro;único;3010;122420157;POINT (610342.25 7799116.00);;
340;Av. Presidente Antônio Carlos, 1089;Detector de Trânsito em Local Proibido;60;Bairro-Centro;único;3009;122420146;POINT (610336.90 7799113.08);;
341;Av. Presidente Antônio Carlos, oposto ao 1089;Detector de Trânsito em Local Proibido;60;Centro-Bairro;único;3012;122420158;POINT (610370.21 7799119.58);;
342;Av. Presidente Antônio Carlos, oposto ao 1089;Detector de Avanço de Semáforo;60;Centro-Bairro;único;3012;122420158;POINT (610366.95 7799127.39);;
343;Av. Presidente Antônio Carlos, oposto ao 1089;Detector de Trânsito em Local Proibido;60;Centro-Bairro;único;3011;405405038;POINT (610375.82 7799124.11);;
344;Av. Presidente Antônio Carlos, oposto ao 1089;Detector de Avanço de Semáforo;60;Centro-Bairro;único;3011;393205018;POINT (610372.56 7799130.84);;
345;Av. do Contorno esquina com Av. Afonso Pena;Detector de Avanço de Semáforo;60;FuncionÃ¡rios-Savassi;único;3018;122420156;POINT (612377.81 7794939.59);;
346;Av. do Contorno esquina com Av. Afonso Pena;Detector de Avanço de Semáforo;60;Funcionarios-Savassi;único;3019;405405037;POINT (612380.52 7794936.15);;
347;Av. do Contorno esquina com Av. Afonso Pena;Detector de Trânsito em Local Proibido;60;FuncionÃ¡rios-Savassi;único;3018;122420156;POINT (612380.93 7794942.46);;
348;Av. do Contorno esquina com Av. Afonso Pena;Detector de Trânsito em Local Proibido;60;FuncionÃ¡rios-Savassi;único;3019;405405037;POINT (612384.02 7794939.16);;
349;Av. Amazonas esquina com R. Pedra Bonita;Detector de Avanço de Semáforo;60;Bairro-Centro;único;3016;122420159;POINT (608319.97 7795804.76);;
350;Av. Amazonas esquina com R. Pedra Bonita;Detector de Avanço de Semáforo;60;Bairro-Centro;único;3017;122420161;POINT (608321.44 7795800.58);;
351;Av. Amazonas esquina com R. Pedra Bonita;Detector de Trânsito em Local Proibido;60;Bairro-Centro;único;3017;122420161;POINT (608313.91 7795797.65);;
352;Av. Amazonas esquina com R. Pedra Bonita;Detector de Trânsito em Local Proibido;60;Bairro-Centro;único;3016;122420159;POINT (608312.63 7795803.22);;
81;Av. Presidente Antônio Carlos, 1089;Controlador Eletrônico de Velocidade;60;Bairro-Centro;único;3261;;POINT (610374.86 7799051.63);;
83;Av. Presidente Antônio Carlos, 2674;Controlador Eletrônico de Velocidade;60;Centro-Bairro;único;3260;;POINT (609870.92 7800552.18);;
84;Av. Presidente Antônio Carlos oposto ao 2862;Controlador Eletrônico de Velocidade;60;Bairro-Centro;único;3259;;POINT (609788.03 7800617.79);;
87;Av. Presidente Carlos Luz, 1525 e oposto ao 1525;Controlador Eletrônico de Velocidade;60;Bairro-Centro e Centro-Bairro;Ambos;3312;;POINT (608385.11 7800044.84);;
88;Av. Presidente Carlos Luz, 2754 e oposto ao 2754;Controlador Eletrônico de Velocidade;60;Bairro-Centro e Centro-Bairro;Ambos;3256;;POINT (608088.99 7800478.67);;
89;Av. Presidente Tancredo Neves a 116 metros da R. Flor Branca;Controlador Eletrônico de Velocidade;60;Centro-Bairro;único;3311;;POINT (605646.17 7799075.08);;
90;Av. Raja Gabaglia, 617 e oposto ao 617;Controlador Eletrônico de Velocidade;60;Bairro-Centro e Centro-Bairro;Ambos;3310;;POINT (609474.02 7794715.17);;
91;Av. Raja Gabaglia esquina com R. Yvon Magalhães Pinto;Controlador Eletrônico de Velocidade;60;Bairro-Centro e Centro-Bairro;Ambos;3277;;POINT (609296.00 7792161.59);;
92;Av. Raja Gabaglia, 4847;Controlador Eletrônico de Velocidade;60;Bairro-Centro;único;3257;;POINT (609725.53 7791368.60);;
93;Av. Risoleta Neves a 285 metros da R. da Pedreira;Controlador Eletrônico de Velocidade;60;Bairro-Centro e Centro-Bairro;Ambos;3315;;POINT (612775.72 7804179.54);;
224;Av. Vilarinho, 1167;Detector de Invasão de Faixa de Exclusiva - MOVE;60;Bairro-Centro;único;1410;;POINT (609621.49 7808397.92);;
225;Av. Vilarinho, 1251;Detector de Invasão de Faixa de Exclusiva - MOVE;60;Bairro-Centro;único;1040;;POINT (609565.75 7808501.78);;
228;Av. Vilarinho, oposto ao 1450;Detector de Invasão de Faixa de Exclusiva - MOVE;60;Bairro-Centro;único;1011;;POINT (609405.56 7808687.38);;
229;Av. Vilarinho, 1616;Detector de Invasão de Faixa de Exclusiva - MOVE;60;Centro-Bairro;único;1026;;POINT (609291.19 7808794.24);;
230;Av. Vilarinho, oposto ao 2255;Detector de Invasão de Faixa de Exclusiva - MOVE;60;Centro-Bairro;único;1010;;POINT (608808.06 7808982.80);;
231;Av. Vilarinho, 3050;Detector de Invasão de Faixa de Exclusiva - MOVE;60;Centro-Bairro;único;1077;;POINT (608135.31 7809300.69);;
232;Av. Vilarinho entre R. das Jaboticabeiras e Av. Cristiano Machado;Detector de Invasão de Faixa de Exclusiva - MOVE;60;Bairro-Centro;único;1111;;POINT (610237.55 7807812.40);;
233;Av. Vilarinho entre Trincheira José de Souza Machado e R. Maíson Ribeiro;Detector de Invasão de Faixa de Exclusiva - MOVE;60;Centro-Bairro;único;1611;;POINT (609745.23 7808205.07);;
401;Av. Afonso Pena esquina com Av. Carandaí;Detector de Avanço de Semáforo;60;Mangabeiras-PraÃ§a Rio Branco;único;1299;;POINT (611605.85 7796231.53);;
402;Av. Afonso Pena esquina com Av. Carandaí;Detector de Avanço de Semáforo;60;Mangabeiras-PraÃ§a Rio Branco;único;1726;;POINT (611610.35 7796234.57);;
403;Av. Afonso Pena esquina com Av. Carandaí;Detector de Parada sobre Faixa de Pedestres;60;Mangabeiras-PraÃ§a Rio Branco;único;1299;;POINT (611603.30 7796235.15);;
404;Av. Afonso Pena esquina com Av. Carandaí;Detector de Parada sobre Faixa de Pedestres;60;Mangabeiras-PraÃ§a Rio Branco;único;1726;;POINT (611608.49 7796237.89);;
405;Av. Amazonas, 5253;Detector de Avanço de Semáforo;60;Bairro-Centro;único;1027;;POINT (606894.12 7795949.61);;
406;Av. Amazonas, 5253;Detector de Parada sobre Faixa de Pedestres;60;Bairro-Centro;único;1027;;POINT (606900.84 7795951.40);;
407;Av. Amazonas, oposto ao 5253;Detector de Avanço de Semáforo;60;Centro-Bairro;único;1028;;POINT (606902.40 7795967.29);;
408;Av. Amazonas, oposto ao 5253;Detector de Parada sobre Faixa de Pedestres;60;Centro-Bairro;único;1028;;POINT (606896.81 7795965.72);;
409;Av. Cristiano Machado, 2150;Detector de Avanço de Semáforo;60;Centro-Bairro;único;1029;;POINT (612098.87 7800475.63);;
410;Av. Cristiano Machado, 2150;Detector de Parada sobre Faixa de Pedestres;60;Centro-Bairro;único;1029;;POINT (612098.21 7800481.92);;
411;Av. Cristiano Machado, 2273;Detector de Avanço de Semáforo;60;Bairro-Centro;único;1030;;POINT (612063.94 7800496.32);;
412;Av. Cristiano Machado, 2273;Detector de Parada sobre Faixa de Pedestres;60;Bairro-Centro;único;1030;;POINT (612065.10 7800488.21);;
413;Av. Cristiano Machado esquina com R. Felipe de Melo;Detector de Avanço de Semáforo;60;Centro-Bairro;único;1065;;POINT (612128.04 7801654.19);;
414;Av. Cristiano Machado esquina com R. Felipe de Melo;Detector de Parada sobre Faixa de Pedestres;60;Centro-Bairro;único;1065;;POINT (612129.64 7801661.29);;
415;Av. Cristiano Machado esquina com R. Jacuí;Detector de Avanço de Semáforo;60;Bairro-Centro;único;1039;;POINT (612114.94 7801720.32);;
416;Av. Cristiano Machado esquina com R. Jacuí;Detector de Parada sobre Faixa de Pedestres;60;Bairro-Centro;único;1039;;POINT (612112.00 7801712.36);;
417;Av. Cristiano Machado, oposto 4001;Detector de Avanço de Semáforo;60;Centro-Bairro;único;1140;;POINT (612186.00 7801853.09);;
266;Av. Cristiano Machado, 4001;Controlador Eletrônico de Velocidade;60;Bairro-Centro;único;8965;;POINT (612145.76 7801846.01);;
267;Av. Cristiano Machado, 4001;Controlador Eletrônico de Velocidade;60;Bairro-Centro;único;8966;;POINT (612151.33 7801845.46);;
268;Av. Cristiano Machado, oposto ao 4001;Controlador Eletrônico de Velocidade;60;Centro-Bairro;único;8963;;POINT (612163.44 7801788.10);;
269;Av. Dom Pedro I, 2062;Controlador Eletrônico de Velocidade;60;Centro-Bairro;único;8976;;POINT (608879.01 7807189.44);;
270;Av. Dom Pedro I, 2177;Controlador Eletrônico de Velocidade;60;Bairro-Centro;único;8970;;POINT (608999.83 7807299.93);;
271;Av. Dom Pedro I, 2177;Controlador Eletrônico de Velocidade;60;Bairro-Centro;único;8977;;POINT (609003.43 7807296.07);;
272;Av. Presidente Antônio Carlos, 561;Controlador Eletrônico de Velocidade;60;Bairro-Centro;único;2200005;GCT005;POINT (610577.11 7798452.38);;
273;Av. Presidente Antônio Carlos, 6484;Controlador Eletrônico de Velocidade;60;Centro-Bairro;único;2200004;GCT004;POINT (609205.67 7803074.00);;
274;Av. Presidente Antônio Carlos, 6627;Controlador Eletrônico de Velocidade;60;Bairro-Centro;único;2200003;GCT003;POINT (609057.32 7803395.67);;
275;Av. Presidente Antônio Carlos, 7400;Controlador Eletrônico de Velocidade;60;Centro-Bairro;único;2200002;GCT002;POINT (608928.95 7803870.83);;
276;Av. Presidente Antônio Carlos, 7719;Controlador Eletrônico de Velocidade;60;Bairro-Centro;único;2200001;GCT001;POINT (608766.66 7804232.23);;
277;Av. Presidente Carlos Luz entre Praça Pedro Mello e Anel Rodoviário;Controlador Eletrônico de Velocidade;60;Bairro-Centro;único;2200013;GCT013;POINT (607220.71 7801366.34);;
278;Av. Presidente Carlos Luz, 4585;Controlador Eletrônico de Velocidade;60;Bairro-Centro;único;2200009;GCT009;POINT (607121.75 7802325.96);;
279;Av. Presidente Carlos Luz, oposto ao 3514;Controlador Eletrônico de Velocidade;60;Centro-Bairro;único;2200011;GCT011;POINT (607539.07 7800968.03);;
280;Av. Presidente Carlos Luz, oposto ao 4269;Controlador Eletrônico de Velocidade;60;Centro-Bairro;único;2200010;GCT010;POINT (607120.28 7802240.27);;
281;Av. Raja Gabaglia, 2226;Controlador Eletrônico de Velocidade;60;Centro-Bairro;único;8973;;POINT (609027.45 7793043.57);;
282;Av. Raja Gabaglia, 2271;Controlador Eletrônico de Velocidade;60;Bairro-Centro;único;8972;;POINT (609068.75 7793007.91);;
283;Av. Teresa Cristina, 6776;Controlador Eletrônico de Velocidade;60;Centro-Bairro;único;8967;;POINT (605343.03 7792918.86);;
284;Av. Teresa Cristina, 6776;Controlador Eletrônico de Velocidade;60;Centro-Bairro;único;8978;;POINT (605346.69 7792911.72);;
285;Av. Teresa Cristina, 9793;Controlador Eletrônico de Velocidade;60;Bairro-Centro;único;2200008;GCT008;POINT (605415.51 7792921.81);;
241;Av. Nossa Senhora do Carmo, 1900;Controlador Eletrônico de Velocidade;60;Centro-Bairro;único;2411;;POINT (610926.63 7793194.16);;
242;Av. Nossa Senhora do Carmo, 1925;Controlador Eletrônico de Velocidade;60;Bairro-Centro;único;3262;;POINT (610916.55 7793146.20);;
243;Av. Presidente Juscelino Kubtischek, 4333;Controlador Eletrônico de Velocidade;60;Bairro-Centro;único;2430;;POINT (606484.90 7796605.86);;
11;Av. Cristiano Machado esquina com Av. Sebastião de Brito;Detector de Invasão de Faixa de Exclusiva - MOVE;60;Bairro-Centro;único;7191;;POINT (611557.08 7803868.10);;
12;Av. Cristiano Machado esquina com R. Sônia;Detector de Invasão de Faixa de Exclusiva - MOVE;60;Centro-Bairro;único;7190;;POINT (611642.78 7803712.79);;
782;Av. do Contorno, 5713;Detector de Trânsito em Local Proibido;60;Savassi-SÃ£o Lucas;único;3054;393305017;POINT (611901.92 7794836.54);;
16;Av. Nossa Senhora do Carmo, 665;Detector de Invasão de Faixa de Exclusiva - MOVE;60;Bairro-Centro;único;7185;;POINT (611472.62 7794135.33);;
17;Av. Nossa Senhora do Carmo, 702;Detector de Invasão de Faixa de Exclusiva - MOVE;60;Centro-Bairro;único;7186;;POINT (611455.93 7794113.61);;
25;Av. Afonso Pena esquina com R. Maranhão;Controlador Eletrônico de Velocidade;60;Bairro-Centro;único;3283;;POINT (612270.61 7795096.17);;
26;Av. Amazonas, 2086;Controlador Eletrônico de Velocidade;60;Centro-Bairro;único;3285;;POINT (609630.64 7796281.64);;
27;Av. Amazonas, 2153;Controlador Eletrônico de Velocidade;60;Bairro-Centro;único;3306;;POINT (609621.49 7796258.85);;
29;Av. Amazonas, 5400 e oposto ao 5400;Controlador Eletrônico de Velocidade;60;Bairro-Centro e Centro-Bairro;Ambos;3274;;POINT (606571.07 7795881.57);;
30;Av. Amazonas, 6894 e oposto ao 6894;Controlador Eletrônico de Velocidade;60;Bairro-Centro e Centro-Bairro;Ambos;3272;;POINT (605302.86 7795365.27);;
781;Av. do Contorno, 5713;Detector de Avanço de Semáforo;60;Savassi-SÃ£o Lucas;único;3054;393305017;POINT (611910.13 7794837.67);;
31;Av. Amazonas, 7800 e oposto ao 7800;Controlador Eletrônico de Velocidade;60;Bairro-Centro e Centro-Bairro;Ambos;3267;;POINT (604629.45 7795031.46);;
32;Av. Amazonas a 95 metros da R. São Carlos;Controlador Eletrônico de Velocidade;60;Bairro-Centro;único;3305;;POINT (603877.33 7794040.18);;
33;Av. Barão Homem de Melo, 3191 e oposto ao 3191;Controlador Eletrônico de Velocidade;60;Av. Raja GabÃ¡glia-Av. Silva Lobo e Av. Silva Lobo-;Ambos;3296;;POINT (608483.08 7792201.30);;
34;Av. Antônio Abraão Caram a 43 metros da Al. das Acácias;Controlador Eletrônico de Velocidade;60;Liberdade-SÃ£o Luiz e SÃ£o Luiz-Liberdade;Ambos;3373;;POINT (608515.50 7803602.64);;
35;Av. Bernardo Vasconcelos, 1720 e oposto ao 1720;Controlador Eletrônico de Velocidade;60;Aparecida-UniÃ£o e UniÃ£o-Aparecida;Ambos;3313;;POINT (611362.30 7801272.53);;
36;Av. Bias Fortes esquina com R. Bernardo Guimarães;Controlador Eletrônico de Velocidade;60;PraÃ§a da Liberdade-PraÃ§a Raul Soares e PraÃ§a Raul ;Ambos;3299;;POINT (610797.97 7796038.69);;
39;Av. Cristiano Machado a 27 metros do Viaduto Paulo Mendes Campos;Controlador Eletrônico de Velocidade;60;Centro-Bairro;único;3273;;POINT (611871.64 7803228.89);;
40;Av. Cristiano Machado a 89 metros da R. Cajuí­;Controlador Eletrônico de Velocidade;60;Bairro-Centro;único;3276;;POINT (611880.92 7803190.24);;
41;Av. Cristiano Machado, 9950;Controlador Eletrônico de Velocidade;70;Centro-Bairro;único;3284;;POINT (611433.97 7805839.26);;
42;Av. Cristiano Machado esquina com R. Coronel Joaquim Tibúrcio;Controlador Eletrônico de Velocidade;70;Bairro-Centro;único;3290;;POINT (611054.76 7806183.08);;
44;Av. Cristiano Machado, 12001;Controlador Eletrônico de Velocidade;70;Bairro-Centro;único;3292;;POINT (610297.66 7808162.93);;
45;Av. Deputado Álvaro Antônio a 280m da Av. Adão Alves de Souza;Controlador Eletrônico de Velocidade;60;BetÃ¢nia-Barreiro;único;3318;;POINT (603726.72 7791086.80);;
289;Av. Cristiano Machado, 1700;Controlador Eletrônico de Velocidade;60;Centro-Bairro;único;8961;;POINT (612211.00 7800039.31);;
290;Av. Cristiano Machado, 1700;Controlador Eletrônico de Velocidade;60;Centro-Bairro;único;8962;;POINT (612216.56 7800041.05);;
381;Av. GetÃºlio Vargas, 1705;Detector de Trânsito em Local Proibido;60;Santo AntÃ´nio-Savassi;único;3013;122420152;POINT (611093.86 7794830.84);;
382;Av. Cristiano Machado, 11100;Controlador Eletrônico de Velocidade;70;Centro-Bairro;único;9085;;POINT (610684.84 7807364.02);;
383;Av. Cristiano Machado, 11100;Controlador Eletrônico de Velocidade;70;Centro-Bairro;único;9087;;POINT (610678.44 7807360.42);;
115;Av. Afonso Pena esquina com R. dos Caetés;Detector de Avanço de Semáforo;60;PraÃ§a Rio Branco-Mangabeiras;único;590;;POINT (610884.41 7797449.98);;
118;Av. Afonso Pena esquina com R. dos Caetés;Detector de Avanço de Semáforo;60;Mangabeiras-PraÃ§a Rio Branco;único;589;;POINT (610901.21 7797458.05);;
119;Av. Afonso Pena esquina com R. dos Tupinambás;Detector de Avanço de Semáforo;60;PraÃ§a Rio Branco-Mangabeiras;único;280;;POINT (610967.54 7797308.02);;
120;Av. Afonso Pena esquina com R. dos Tupinambás;Detector de Avanço de Semáforo;60;Mangabeiras-PraÃ§a Rio Branco;único;298;;POINT (611010.89 7797274.49);;
121;R. SÃ£o Paulo esquina com Av. Afonso Pena;Detector de Avanço de Semáforo;60;Lourdes-PraÃ§a Rio Branco;único;588;;POINT (610982.03 7797269.09);;
122;R. SÃ£o Paulo esquina com Av. Afonso Pena;Detector de Avanço de Semáforo;60;Centro-Mangabeiras;único;252;;POINT (610993.16 7797317.26);;
123;Av. Cristiano Machado, 500;Detector de Avanço de Semáforo;60;Centro-Bairro;único;283;;POINT (611727.11 7798790.20);;
124;Av. Amazonas, 7675;Detector de Avanço de Semáforo;60;Bairro-Centro;único;265;;POINT (604715.30 7795056.30);;
125;Av. Afonso Pena esquina com R. dos Tupis;Detector de Avanço de Semáforo;60;PraÃ§a Rio Branco-Mangabeiras;único;297;;POINT (611257.53 7796805.43);;
126;Av. Afonso Pena esquina com R. da Bahia;Detector de Avanço de Semáforo;60;Mangabeiras-PraÃ§a Rio Branco;único;293;;POINT (611293.41 7796773.59);;
127;Av. Afonso Pena esquina com R. da Bahia;Detector de Avanço de Semáforo;60;Mangabeiras-PraÃ§a Rio Branco;único;260;;POINT (611297.33 7796781.74);;
128;Av. Afonso Pena esquina com Av. Álvares Cabral;Detector de Avanço de Semáforo;60;Mangabeiras-PraÃ§a Rio Branco;único;299;;POINT (611451.36 7796509.50);;
129;Av. Afonso Pena esquina com Av. Álvares Cabral;Detector de Avanço de Semáforo;60;PraÃ§a Rio Branco-Mangabeiras;único;569;;POINT (611415.08 7796530.20);;
130;Av. Álvares Cabral esquina com Av. Afonso Pena;Detector de Avanço de Semáforo;60;PraÃ§a Afonso Arinos-Centro;único;259;;POINT (611421.42 7796502.41);;
131;Av. Afonso Pena esquina com R. dos Guajajaras;Detector de Avanço de Semáforo;60;PraÃ§a Rio Branco-Mangabeiras;único;564;;POINT (611558.27 7796287.41);;
132;Av. Afonso Pena esquina com R. dos Guajajaras;Detector de Avanço de Semáforo;60;PraÃ§a Rio Branco-Mangabeiras;único;272;;POINT (611551.93 7796285.07);;
133;Av. Afonso Pena esquina com R. dos Timbiras;Detector de Avanço de Semáforo;60;PraÃ§a Rio Branco-Mangabeiras;único;270;;POINT (611659.43 7796107.56);;
134;Av. Afonso Pena esquina com R. Pernambuco;Detector de Avanço de Semáforo;60;Mangabeiras-PraÃ§a Rio Branco;único;268;;POINT (611686.24 7796108.20);;
135;Av. Afonso Pena esquina com Av. Getúlio Vargas;Detector de Avanço de Semáforo;60;Mangabeiras-PraÃ§a Rio branco;único;254;;POINT (612096.39 7795395.03);;
136;Av. Getúlio Vargas esquina com Av. Afonso Pena;Detector de Avanço de Semáforo;60;FuncionÃ¡rios-Savassi;único;294;;POINT (612091.29 7795426.37);;
137;R. Cláudio Manoel esquina com Av. Getúlio Vargas;Detector de Avanço de Semáforo;60;FuncionÃ¡rios-Savassi;único;568;;POINT (612106.42 7795402.10);;
138;R. Curitiba esquina com Av. Amazonas;Detector de Avanço de Semáforo;60;Centro-Lourdes;único;292;;POINT (610749.57 7796942.19);;
139;Av. Amazonas esquina com R. Curitiba;Detector de Avanço de Semáforo;60;PraÃ§a Rui Barbosa-PraÃ§a Raul Soares;único;574;;POINT (610756.22 7796935.52);;
140;R. da Bahia esquina com Av. Afonso Pena;Detector de Avanço de Semáforo;60;PraÃ§a Rui Barbosa-PraÃ§a da Liberdade;único;269;;POINT (611291.67 7796802.92);;
141;R. da Bahia esquina com Av. Augusto de Lima;Detector de Avanço de Semáforo;60;PraÃ§a Rui Barbosa-PraÃ§a da Liberdade;único;267;;POINT (611216.93 7796518.74);;
142;Av. Afonso Vaz de Melo esquina com R. Boaventura Costa e R. Boaventura Costa esquina com Av. Afonso Vaz de Melo;Detector de Avanço de Semáforo;60;Barreiro-Tirol e Barreiro-Teixeira Dias;Ambos;282;;POINT (602307.46 7790998.53);;
143;R. Boaventura Costa esquina com Av. Afonso Vaz de Melo;Detector de Avanço de Semáforo;30;Barreiro-Teixeira Dias;único;250;;POINT (602302.05 7790997.14);;
943;"Av. Cristiano Machado, esquina com R. Pitangui
";Controlador Eletrônico de Velocidade;60;Centro-Bairro;único;516302852;S5101;POINT (611394.73 7798677.98);;
145;Av. Vilarinho esquina com Av. Elias Antônio Issa;Detector de Avanço de Semáforo;60;Bairro-Centro;único;578;;POINT (607860.48 7809566.62);;
146;Av. Vilarinho esquina com Av. Baleares;Detector de Avanço de Semáforo;60;Centro-Bairro;único;577;;POINT (607863.01 7809610.20);;
161;Av. Amazonas esquina com R. São Paulo;Detector de Avanço de Semáforo;60;PraÃ§a Raul Soares-PraÃ§a Rui Barbosa;único;566;;POINT (610897.82 7797000.28);;
162;Av. Amazonas esquina com R. São Paulo;Detector de Avanço de Semáforo;60;PraÃ§a Rui Barbosa-PraÃ§a Raul Soares;único;285;;POINT (610926.71 7797036.51);;
163;Av. Amazonas esquinsa com R. dos Tamóios;Detector de Avanço de Semáforo;60;PraÃ§a Raul Soares-PraÃ§a Rui Barbosa;único;595;;POINT (610936.45 7797025.82);;
164;Av. Amazonas esquina com R. Curitba;Detector de Avanço de Semáforo;60;PraÃ§a Raul Soares-PraÃ§a Rui Barbosa;único;573;;POINT (610735.41 7796907.86);;
165;Av. Amazonas esquina com Av. Paraná;Detector de Avanço de Semáforo;60;PraÃ§a Rui Barbosa-PraÃ§a Raul Soares;único;570;;POINT (610664.63 7796882.03);;
166;Av. Amazonas esquina com R. Padre Belchior e R. Padre Belchior esquina com Av. Amazonas;Detector de Avanço de Semáforo;60;PraÃ§a Raul Soares-PraÃ§a Rui Barbosa e Augusto de L;único;571;;POINT (610660.53 7796861.75);;
167;Av. Amazonas esquina com R. dos Goitacazes;Detector de Avanço de Semáforo;60;PraÃ§a Rui Barbosa-PraÃ§a Raul Soares;único;586;;POINT (610564.52 7796826.94);;
168;Av. Amazonas esquina com R. dos Goitacazes;Detector de Avanço de Semáforo;60;PraÃ§a Raul Soares-PraÃ§a Rui Barbosa;único;585;;POINT (610572.48 7796813.50);;
169;R. Santa Catarina esquina com Av. Amazonas;Detector de Avanço de Semáforo;60;Lourdes-Centro;único;587;;POINT (610565.60 7796799.99);;
170;Av. Amazonas esquina com R. dos Aimorés;Detector de Avanço de Semáforo;60;Bairro-Centro;único;583;;POINT (609907.85 7796424.76);;
171;Av. Amazonas esquina com R. Araguari;Detector de Avanço de Semáforo;60;Centro-Bairro;único;584;;POINT (609903.44 7796442.86);;
172;Av. Amazonas esquina com Av. Barbacena;Detector de Avanço de Semáforo;60;Bairro-Centro;único;263;;POINT (609706.51 7796308.78);;
173;Av. Amazonas esquina com Av. do Contorno;Detector de Avanço de Semáforo;60;Centro-Bairro;único;251;;POINT (609147.15 7795999.55);;
174;Av. Amazonas esquina com Av. do Contorno;Detector de Avanço de Semáforo;60;Bairro-Centro;único;257;;POINT (609126.66 7795975.42);;
785;Av. Otacílio Negrão de Lima entre Av. Presidente Antônio Carlos e Praça do Aleijadinho;Detector de Trânsito em Local Proibido;60;Aeroporto-SÃ£o Luiz;único;3049;122420130;POINT (608195.07 7804939.25);;
786;Av. Otacílio Negrão de Lima esquina com Av. Coronel Oscar Paschoal;Detector de Trânsito em Local Proibido;60;Aeroporto-Bandeirantes;único;3048;122420135;POINT (607344.13 7803375.28);;
787;Av. Otacílio Negrão de Lima, 54m após a Rotatória da Av. Cremona;Detector de Trânsito em Local Proibido;60;SÃ£o Luiz-Bandeirantes;único;3046;122420143;POINT (606621.57 7803840.45);;
821;Av. Presidente Carlos Luz, oposto ao 4269;Detector de Invasão de Faixa de Exclusiva - MOVE;0;Centro-Bairro;único;2200010;GCT010;POINT (607128.15 7802243.94);;
789;Av. Teresa Cristina esquina com Av. do Contorno;Detector de Avanço de Semáforo;60;Bairro-Centro;único;3042;122420144;POINT (609194.52 7797163.87);;
863;Av. Cristiano Machado, esquina Av. Silviano Brandão - AlÃ§a Direita;Detector de Avanço de Semáforo;60;Centro-Floresta;único;1667;BRI1667;POINT (611859.20 7798823.71);;
864;Av. Cristiano Machado, esquina Av. Silviano Brandão - AlÃ§a Direita;Detector de Conversão-Retorno em local Proibido;60;Centro-Floresta;único;1667;BRI1667;POINT (611860.10 7798826.01);;
865;Av. Cristiano Machado, esquina Av. Silviano Brandão;Detector de Avanço de Semáforo;60;Centro-Bairro;único;1712;BRI1712;POINT (611855.67 7798831.34);;
866;"Av. Cristiano Machado, esquina Av. Silviano BrandÃ£o
";Detector de Conversão-Retorno em local Proibido;60;Centro-Bairro;único;1712;BRI1712;POINT (611855.16 7798834.41);;
794;R. Haiti, 256;Detector de Trânsito em Local Proibido;40;Sion-Belvedere;único;3057;122420168;POINT (610926.49 7792770.58);;
867;Av. Cristiano Machado, esquina Rua Augito;Detector de Avanço de Semáforo;60;Bairro-Centro;único;1386;BRI1386;POINT (611890.68 7798886.48);;
797;Av. Otacílio Negrão de Lima, 3573;Detector de Trânsito em Local Proibido;60;Bandeirantes-SÃ£o Luiz;único;3047;149240002;POINT (606593.19 7803744.42);;
868;Av. Cristiano Machado, esquina Rua Augito - Alí§a esquerda;Detector de Avanço de Semáforo;60;Bairro da GraÃ§a-Floresta;único;1386;BRI7386;POINT (611900.17 7798884.30);;
799;Av. Teresa Cristina esquina com Av. do Contorno;Detector de Trânsito em Local Proibido;60;Bairro-Centro;único;3042;122420144;POINT (609186.04 7797160.64);;
800;Av. Teresa Cristina esquina com Av. do Contorno;Detector de Avanço de Semáforo;60;Bairro-Centro;único;3043;397905145;POINT (609195.67 7797156.71);;
869;Av. do Contorno, esquina Av. dos Andradas;Detector de Avanço de Semáforo;60;Santa EfigÃªnia-Santa Tereza;único;1061;BRI1061;POINT (612616.16 7796864.72);;
802;R. Haiti oposto ao 256;Detector de Trânsito em Local Proibido;40;Belvedere-Sion;único;3056;122420154;POINT (610924.33 7792767.01);;
870;Av. do Contorno, esquina Av. dos Andradas;Detector de Avanço de Semáforo;60;Floresta-Santa EfigÃªnia;único;1262;BRI1262;POINT (612573.32 7796908.84);;
871;Av. do Contorno, 11.050;Detector de Invasão de Faixa de Exclusiva - MOVE;60;Brarro Preto-Centro;único;1212;BRI1212;POINT (610227.88 7797266.38);;
872;Av. Dom Pedro I, 1220;Detector de Avanço de Semáforo;60;Centro-Bairro;único;1361;BRI1361;POINT (608492.67 7806546.91);;
873;Av. Dom Pedro I, 3000;Detector de Avanço de Semáforo;60;Centro-Bairro;único;1034;BRI1034;POINT (609567.91 7807777.42);;
874;Av. Dom Pedro I, oposto ao 3000;Detector de Avanço de Semáforo;60;Bairro-Centro;único;1745;BRI1745;POINT (609547.00 7807804.14);;
875;Av. Dom Pedro I, oposto ao 1220;Detector de Avanço de Semáforo;60;Bairro-Centro;único;1392;BRI1392;POINT (608472.34 7806568.40);;
810;Av. Teresa Cristina esquina com Av. do Contorno;Detector de Trânsito em Local Proibido;60;Bairro-Centro;único;3043;397905145;POINT (609188.05 7797154.24);;
876;"Av. dos Andradas esq. com Alameda Ezequiel Dias
";Detector de Invasão de Faixa de Exclusiva - MOVE;60;Centro-Bairro;único;1282;BRI1282;POINT (611830.19 7796768.76);;
877;Av. dos Andradas, 1.200;Detector de Invasão de Faixa de Exclusiva - MOVE;60;Centro-Bairro;único;1377;BRI1377;POINT (611975.24 7796818.46);;
441;Av. Dom Pedro II esquina com R. Antônio Peixoto Guimarães;Detector de Avanço de Semáforo;60;Bairro-Centro;único;1005;;POINT (607372.45 7797855.64);;
442;Av. Dom Pedro II esquina com R. Antônio Peixoto Guimarães;Detector de Parada sobre Faixa de Pedestres;60;Bairro-Centro;único;1005;;POINT (607379.70 7797854.64);;
443;Av. dos Andradas esquina com R. dos Caetés;Detector de Avanço de Semáforo;60;Viaduto Santa Tereza-Barro Preto;único;1286;;POINT (611505.46 7797272.80);;
444;Av. dos Andradas esquina com R. dos Caetés;Detector de Avanço de Semáforo;60;Viaduto Santa Tereza-Barro Preto;único;1292;;POINT (611511.83 7797270.72);;
445;Av. dos Andradas esquina com R. dos Caetés;Detector de Parada sobre Faixa de Pedestres;60;Viaduto Santa Tereza-Barro Preto;único;1286;;POINT (611507.91 7797279.29);;
446;Av. dos Andradas esquina com R. dos Caetés;Detector de Parada sobre Faixa de Pedestres;60;Viaduto Santa Tereza-Barro Preto;único;1292;;POINT (611514.16 7797276.96);;
447;Av. dos Andradas esquina com Av. Silviano Brandão;Detector de Avanço de Semáforo;60;Bairro-Centro;único;1267;;POINT (614025.12 7798423.88);;
448;Av. dos Andradas esquina com Av. Silviano Brandão;Detector de Parada sobre Faixa de Pedestres;60;Bairro-Centro;único;1267;;POINT (614025.36 7798418.84);;
452;R. do Uruguai esquina com Av. Nossa Senhora do Carmo;Detector de Avanço de Semáforo;40;Sion-SÃ£o Pedro;único;1290;;POINT (611450.53 7793957.95);;
453;R. do Uruguai esquina com Av. Nossa Senhora do Carmo;Detector de Parada sobre Faixa de Pedestres;40;Sion-SÃ£o Pedro;único;1290;;POINT (611448.32 7793960.83);;
461;Av. Nossa Senhora do Carmo esquina com R. do Uruguai;Detector de Avanço de Semáforo;60;Bairro-Centro;único;1279;;POINT (611424.34 7793945.37);;
462;Av. Nossa Senhora do Carmo esquina com R. do Uruguai;Detector de Avanço de Semáforo;60;Bairro-Centro;único;1290;;POINT (611431.12 7793941.47);;
463;Av. Nossa Senhora do Carmo esquina com R. do Uruguai;Detector de Parada sobre Faixa de Pedestres;60;Bairro-Centro;único;1279;;POINT (611426.56 7793951.85);;
464;Av. Nossa Senhora do Carmo esquina com R. do Uruguai;Detector de Parada sobre Faixa de Pedestres;60;Bairro-Centro;único;1290;;POINT (611434.06 7793947.77);;
465;Av. Presidente Antônio Carlos esquina com R. Rio Novo;Detector de Avanço de Semáforo;60;Centro-Bairro;único;1397;;POINT (610617.82 7798420.40);;
466;Av. Presidente Antônio Carlos esquina com R. Rio Novo;Conjugado CEV-DIF;60;Centro-Bairro;único;1399;;POINT (610623.15 7798421.97);;
467;Av. Presidente Antônio Carlos esquina com R. Rio Novo;Detector de Parada sobre Faixa de Pedestres;60;Centro-Bairro;único;1397;;POINT (610616.24 7798430.52);;
468;Av. Presidente Antônio Carlos esquina com R. Rio Novo;Detector de Parada sobre Faixa de Pedestres;60;Centro-Bairro;único;1399;;POINT (610621.54 7798432.29);;
469;Av. Presidente Antônio Carlos esquina R. Rio Novo;Detector de Avanço de Semáforo;60;Bairro-Centro;único;1402;;POINT (610580.49 7798438.45);;
470;Av. Presidente Antônio Carlos esquina R. Rio Novo;Detector de Parada sobre Faixa de Pedestres;60;Bairro-Centro;único;1402;;POINT (610582.07 7798431.91);;
471;Av. Presidente Antônio Carlos, 3550;Detector de Avanço de Semáforo;60;Centro-Bairro;único;1121;;POINT (609797.93 7801344.01);;
472;Av. Presidente Antônio Carlos, 3550;Detector de Parada sobre Faixa de Pedestres;60;Centro-Bairro;único;1121;;POINT (609795.18 7801350.49);;
473;Av. Presidente Antônio Carlos, oposto ao 3550;Detector de Avanço de Semáforo;60;Bairro-Centro;único;1128;;POINT (609763.64 7801348.81);;
474;Av. Presidente Antônio Carlos, oposto ao 3550;Detector de Parada sobre Faixa de Pedestres;60;Bairro-Centro;único;1128;;POINT (609765.19 7801343.53);;
475;Av. Marechal Espiridião Rosas esquina com Av. Presidente Antônio Carlos;Detector de Avanço de Semáforo;30;Campus UFMG-Santa Rosa;único;1403;;POINT (609395.07 7802372.60);;
476;Av. Marechal Espiridião Rosas esquina com Av. Presidente Antônio Carlos;Detector de Parada sobre Faixa de Pedestres;30;Campus UFMG-Santa Rosa;único;1403;;POINT (609403.22 7802373.20);;
481;Av. Presidente Antônio Carlos esquina com Av. Coronel Jos Dias Bicalho;Detector de Avanço de Semáforo;60;Bairro-Centro;único;1119;;POINT (608845.95 7803997.47);;
482;Av. Presidente Antônio Carlos esquina com Av. Coronel José Dias Bicalho;Detector de Parada sobre Faixa de Pedestres;60;Bairro-Centro;único;1119;;POINT (608847.63 7803991.95);;
483;Av. Presidente Antônio Carlos esquina com Av. Coronel José Dias Bicalho;Detector de Avanço de Semáforo;60;Centro-Bairro;único;1118;;POINT (608892.18 7803976.02);;
484;Av. Presidente Antônio Carlos esquina com Av. Coronel José Dias Bicalho;Detector de Parada sobre Faixa de Pedestres;60;Centro-Bairro;único;1118;;POINT (608890.05 7803984.38);;
485;R. Espírito Santo esquina com R. dos Guaicurus;Detector de Avanço de Semáforo;40;Av. Afonso Pena-Av. do Contorno;único;1421;;POINT (611336.24 7797512.80);;
486;R. Espírito Santo esquina com R. dos Guaicurus;Detector de Parada sobre Faixa de Pedestres;40;Av. Afonso Pena-Av. do Contorno;único;1421;;POINT (611337.28 7797518.90);;
487;R. dos Guaicurus esquina com R. Espírito Santo;Detector de Avanço de Semáforo;40;PraÃ§a Rui Barbosa-Viaduto Nansen AraÃºjo;único;1420;;POINT (611362.55 7797523.80);;
488;R. dos Guaicurus esquina com R. Espírito Santo;Detector de Parada sobre Faixa de Pedestres;40;PraÃ§a Rui Barbosa-Viaduto Nansen AraÃºjo;único;1420;;POINT (611356.15 7797526.77);;
489;R. Mato Grosso esquina com Av. do Contorno;Detector de Avanço de Semáforo;40;Barro Preto-Viaduto Oeste;único;1358;;POINT (610258.57 7797260.98);;
490;R. Mato Grosso esquina com Av. do Contorno;Detector de Parada sobre Faixa de Pedestres;40;Barro Preto-Viaduto Oeste;único;1358;;POINT (610258.13 7797268.26);;
616;Av. Presidente Juscelino Kubitschek a 8 metros do Viaduto Setenta e Sete;Controlador Eletrônico de Velocidade;80;Contagem-Belo Horizonte;único;9700;9700;POINT (605295.50 7795770.48);;
621;Av. Presidente Juscelino Kubitschek a 9m do Viaduto Setenta e Sete;Controlador Eletrônico de Velocidade;80;Belo Horizonte-Contagem;único;9699;9699;POINT (605277.34 7795775.59);;
622;Av. Cristiano Machado esquina com R. Professor Pimenta da Veiga;Detector de Avanço de Semáforo;60;Centro-Bairro;único;1524;1524;POINT (612099.24 7800754.06);;
623;Av. Cristiano Machado esquina com R. Dom Leme;Detector de Avanço de Semáforo;60;Bairro-Centro;único;1535;1535;POINT (612071.28 7800778.26);;
624;Av. Cristiano Machado, 11586;Detector de Avanço de Semáforo;70;Centro-Bairro;único;1265;1265;POINT (610487.19 7807807.77);;
625;Av. Cristiano Machado, 11586;Detector de Parada sobre Faixa de Pedestres;70;Centro-Bairro;único;1265;1265;POINT (610485.57 7807811.23);;
626;Av. do Contorno esquina com R. EspÃ­rito Santo;Detector de Avanço de Semáforo;60;Barro Preto-Centro;único;1700;1700;POINT (611346.66 7797625.82);;
627;Av. do Contorno esquina com R. EspÃ­rito Santo;Detector de Avanço de Semáforo;60;Barro Preto-Centro;único;1741;1741;POINT (611348.36 7797634.49);;
628;Av. Dom Pedro I, 2107;Detector de Avanço de Semáforo;60;Bairro-Centro;único;1506;1506;POINT (608949.56 7807265.36);;
629;R. Doutor Américo Gasparini esquina com Av. Dom Pedro I;Detector de Avanço de Semáforo;40;SÃ£o JoÃ£o Batista-Planalto;único;1522;1522;POINT (608912.13 7807249.69);;
630;Av. Dom Pedro II, 2222;Detector de Avanço de Semáforo;60;Centro-Bairro;único;1312;1312;POINT (608607.77 7798337.50);;
631;Av. Teresa Cristina esquina com R. Benjamin Flores;Detector de Avanço de Semáforo;60;Bairro-Centro;único;1376;1376;POINT (606146.49 7793270.44);;
641;Av. Cristiano Machado esquina com R. Professor Pimenta da Veiga;Detector de Avanço de Semáforo;60;Centro-Bairro;único;9692;9692;POINT (612088.83 7800755.88);;
642;Av. Cristiano Machado esquina com R. Dom Leme;Detector de Avanço de Semáforo;60;Bairro-Centro;único;9693;9693;POINT (612083.65 7800776.38);;
643;Av. Dom Pedro I, 2177;Detector de Avanço de Semáforo;60;Bairro-Centro;único;9352;9352;POINT (608953.70 7807255.82);;
644;Av. Amazonas, oposto ao 7675;Detector de Avanço de Semáforo;60;Centro-Bairro;único;1545;1545;POINT (604712.16 7795073.67);;
645;Av. Amazonas, oposto ao 7675;Detector de Parada sobre Faixa de Pedestres;60;Centro-Bairro;único;1545;1545;POINT (604704.40 7795072.28);;
646;Av. do Contorno esquina com R. Espírito Santo;Detector de Avanço de Semáforo;60;Centro-Barro Preto;único;1543;1543;POINT (611366.26 7797649.79);;
647;Av. do Contorno esquina com R. Espírito Santo;Detector de Avanço de Semáforo;60;Centro-Barro Preto;único;1544;1544;POINT (611364.84 7797643.79);;
648;Av. do Contorno esquina com R. Espírito Santo;Detector de Parada sobre Faixa de Pedestres;60;Centro-Barro Preto;único;1544;1544;POINT (611371.31 7797642.06);;
649;Av. do Contorno esquina com R. Espírito Santo;Detector de Parada sobre Faixa de Pedestres;60;Centro-Barro Preto;único;1543;1543;POINT (611373.36 7797648.05);;
650;R. Espírito Santo esquina com Av. do Contorno;Detector de Avanço de Semáforo;60;Centro-Bairro;único;1683;1683;POINT (611361.37 7797619.32);;
651;R. Espírito Santo esquina com Av. do Contorno;Detector de Parada sobre Faixa de Pedestres;60;Centro-Bairro;único;1683;1683;POINT (611361.00 7797616.13);;
652;Av. Dom Pedro I, 2062;Detector de Avanço de Semáforo;60;Centro-Bairro;único;1507;1507;POINT (608910.50 7807203.33);;
653;Av. Dom Pedro I, 2062;Detector de Parada sobre Faixa de Pedestres;60;Centro-Bairro;único;1507;1507;POINT (608914.17 7807205.16);;
654;Av. Dom Pedro II, 2275;Detector de Avanço de Semáforo;60;Bairro-Centro;único;1313;1313;POINT (608588.99 7798315.51);;
655;Av. Dom Pedro II, 2275;Detector de Parada sobre Faixa de Pedestres;60;Bairro-Centro;único;1313;1313;POINT (608584.07 7798313.87);;
656;Av. Francisco Sá esquina com Av. Amazonas;Detector de Avanço de Semáforo;60;Prado-Gutierrez;Ambos;1334;1334;POINT (608854.52 7795940.04);;
657;Av. Francisco Sá esquina com Av. Amazonas;Detector de Parada sobre Faixa de Pedestres;60;Prado-Gutierrez;Ambos;1334;1334;POINT (608854.92 7795942.92);;
658;Av. Francisco Sá esquina com Av. Amazonas;Detector de Avanço de Semáforo;60;Gutierrez-Prado;Ambos;1334;1334;POINT (608862.57 7795911.52);;
659;Av. Francisco SÃ¡ esquina com Av. Amazonas;Detector de Parada sobre Faixa de Pedestres;60;Gutierrez-Prado;Ambos;1334;1334;POINT (608863.77 7795908.64);;
660;R. Jacuí­ esquina com Av. Cristiano Machado;Detector de Avanço de Semáforo;60;Floresta-ConcÃ³rdia;único;1536;1536;POINT (611743.63 7798786.20);;
661;R. Jacuí­ esquina com Av. Cristiano Machado;Detector de Parada sobre Faixa de Pedestres;60;Floresta-ConcÃ³rdia;único;1536;1536;POINT (611745.45 7798781.47);;
662;R. JacuÃ­ esquina com Av. Cristiano Machado;Detector de Avanço de Semáforo;60;ConcÃ³rdia-Floresta;único;1539;1539;POINT (611721.23 7798833.93);;
663;R. JacuÃ­ esquina com Av. Cristiano Machado;Detector de Parada sobre Faixa de Pedestres;60;ConcÃ³rdia-Floresta;único;1539;1539;POINT (611718.49 7798841.58);;
664;Av. Presidente AntÃ´nio Carlos, 6804;Detector de Avanço de Semáforo;60;Centro-Bairro;único;1320;1320;POINT (609114.31 7803336.04);;
665;Av. Presidente AntÃ´nio Carlos, 6804;Detector de Parada sobre Faixa de Pedestres;60;Centro-Bairro;único;1320;1320;POINT (609111.43 7803343.89);;
666;Av. Presidente AntÃ´nio Carlos, 6627;Detector de Avanço de Semáforo;60;Bairro-Centro;único;1319;1319;POINT (609075.56 7803344.48);;
667;Av. Presidente AntÃ´nio Carlos, 6627;Detector de Parada sobre Faixa de Pedestres;60;Bairro-Centro;único;1319;1319;POINT (609077.90 7803337.65);;
668;Av. Silva Lobo esquina com R. Platina;Detector de Avanço de Semáforo;60;Calafate-Nova SuÃ­ssa;único;1579;1579;POINT (607538.66 7796383.49);;
669;Av. Silva Lobo esquina com R. Platina;Detector de Parada sobre Faixa de Pedestres;60;Calafate-Nova SuÃ­ssa;único;1579;1579;POINT (607535.20 7796388.77);;
670;Av. Silva Lobo esquina com R. Platina;Detector de Avanço de Semáforo;60;Nova SuÃ­ssa-Calafate;único;1580;1580;POINT (607562.71 7796373.65);;
671;Av. Silva Lobo esquina com R. Platina;Detector de Parada sobre Faixa de Pedestres;60;Nova SuÃ­ssa-Calafate;único;1580;1580;POINT (607565.99 7796367.45);;
672;R. Dom Leme esquina com Av. Cristiano Machado;Detector de Avanço de Semáforo;40;Silveira-Cidade Nova;único;1590;1590;POINT (612060.01 7800774.28);;
673;R. Dom Leme esquina com Av. Cristiano Machado;Detector de Parada sobre Faixa de Pedestres;40;Silveira-Cidade Nova;único;1590;15390;POINT (612063.15 7800775.02);;
674;Av. Cristiano Machado, 2150;Detector de Avanço de Semáforo;60;Centro-Bairro;único;2200036;GCT036;POINT (612088.32 7800474.74);;
675;Av. Cristiano Machado, 2150;Detector de Parada sobre Faixa de Pedestres;60;Centro-Bairro;único;2200036;GCT036;POINT (612086.78 7800482.21);;
676;Av. Cristiano Machado, 2273;Detector de Avanço de Semáforo;60;Bairro-Centro;único;2200035;GCT035;POINT (612076.24 7800497.55);;
677;Av. Cristiano Machado, 2273;Detector de Parada sobre Faixa de Pedestres;60;Bairro-Centro;único;2200035;GCT035;POINT (612076.81 7800491.41);;
678;Av. Presidente Antônio Carlos entre R. Formiga e Viaduto Angola;Detector de Avanço de Semáforo;60;Centro-Bairro;único;2200026;GCT026;POINT (610465.45 7798889.70);;
501;Av. Afonso Pena esquina com R. dos Tamóios;Detector de Avanço de Semáforo;60;Mangabeiras-Centro;único;3026;"393205021
";POINT (611203.62 7796925.42);;
502;Av. Afonso Pena esquina com R. dos Tamóios;Detector de Avanço de Semáforo;60;Mangabeiras-Centro;único;3027;149240001;POINT (611208.81 7796928.88);;
503;Av. Afonso Pena esquina com R. dos Tamóios;Detector de Trânsito em Local Proibido;60;Mangabeiras-Centro;único;3026;"393205021
";POINT (611208.70 7796918.70);;
504;Av. Afonso Pena esquina com R. dos Tamóios;Detector de Trânsito em Local Proibido;60;Mangabeiras-Centro;único;3027;149240001;POINT (611212.72 7796921.51);;
505;Av. Augusto de Lima esquina com R. Paracatu;Detector de Avanço de Semáforo;60;Bairro-Centro;único;3031;122420162;POINT (609719.93 7796896.21);;
506;Av. Augusto de Lima esquina com R. Paracatu;Detector de Avanço de Semáforo;60;Bairro-Centro;único;3032;122420138;POINT (609718.31 7796889.74);;
507;Av. Augusto de Lima esquina com R. Paracatu;Detector de Trânsito em Local Proibido;60;Bairro-Centro;único;3031;122420162;POINT (609713.46 7796898.03);;
508;Av. Augusto de Lima esquina com R. Paracatu;Detector de Trânsito em Local Proibido;60;Bairro-Centro;único;3032;122420138;POINT (609711.64 7796890.95);;
509;R. Paracatu esquina com Av. Augusto de Lima;Detector de Avanço de Semáforo;40;Barro Preto-Santo Agostinho;único;3033;241705005;POINT (609731.85 7796914.81);;
510;R. Paracatu esquina com Av. Augusto de Lima;Detector de Trânsito em Local Proibido;40;Barro Preto-Santo Agostinho;único;3033;241705005;POINT (609735.12 7796926.00);;
511;Av. Bias Fortes esquina com R. dos Goitacazes;Detector de Avanço de Semáforo;60;Barro Preto-Lourdes;único;3040;393205020;POINT (610289.49 7796899.41);;
512;Av. Bias Fortes esquina com R. dos Goitacazes;Detector de Trânsito em Local Proibido;60;Barro Preto-Lourdes;único;3040;393205020;POINT (610285.53 7796907.57);;
513;R. dos Tamóios esquina com Av. Olegário Maciel;Detector de Avanço de Semáforo;40;Av. do Contorno-Av. ParanÃ¡;único;3039;122420179;POINT (610495.09 7797131.82);;
514;R. dos Tamóios esquina com Av. Olegário Maciel;Detector de Trânsito em Local Proibido;40;Av. do Contorno-Av. ParanÃ¡;único;3039;122420179;POINT (610485.68 7797133.96);;
515;R. dos Tupinambáss esquina com Av. Olegário Maciel;Detector de Avanço de Semáforo;60;Av. do Contorno-Av. ParanÃ¡;único;3035;122420164;POINT (610564.77 7797404.44);;
516;R. dos Tupinambás esquina com Av. Olegário Maciel;Detector de Avanço de Semáforo;60;Av. do Contorno-Av. ParanÃ¡;único;3036;241705003;POINT (610562.67 7797397.68);;
517;R. dos Tupinambás esquina com Av. Olegário Maciel;Detector de Trânsito em Local Proibido;60;Av. do Contorno-Av. ParanÃ¡;único;3035;122420164;POINT (610557.77 7797406.54);;
518;R. dos Tupinambás esquina com Av. Olegário Maciel;Detector de Trânsito em Local Proibido;60;Av. do Contorno-Av. ParanÃ¡;único;3036;241705003;POINT (610555.20 7797400.01);;
519;Av. Olegário Maciel esquina com R. dos Tupinambás;Detector de Avanço de Semáforo;60;Lagoinha-Barro Preto;único;3037;241705004;POINT (610571.06 7797410.04);;
520;Av. Olegário Maciel esquina com R. dos Tupinambás;Detector de Avanço de Semáforo;60;Lagoinha-Barro Preto;único;3038;122420176;POINT (610575.73 7797408.87);;
521;Av. Olegário Maciel esquina com R. dos Tupinambás;Detector de Trânsito em Local Proibido;60;Lagoinha-Barro Preto;único;3038;122420176;POINT (610578.53 7797414.24);;
522;Av. Olegário Maciel esquina com R. dos Tupinambás;Detector de Trânsito em Local Proibido;60;Lagoinha-Barro Preto;único;3037;241705004;POINT (610573.40 7797416.11);;
523;Av. Brasil esquina com Av. Francisco Sales;Detector de Avanço de Semáforo;60;Santa EfigÃªnia-Savassi;único;3029;122420165;POINT (612479.63 7796330.23);;
524;Av. Brasil esquina com Av. Francisco Sales;Detector de Avanço de Semáforo;60;Santa EfigÃªnia-Savassi;único;3030;122420174;POINT (612476.21 7796335.79);;
525;Av. Brasil esquina com Av. Francisco Sales;Detector de Trânsito em Local Proibido;60;Santa EfigÃªnia-Savassi;único;3030;122420174;POINT (612483.05 7796340.92);;
526;Av. Brasil esquina com Av. Francisco Sales;Detector de Trânsito em Local Proibido;60;Santa EfigÃªnia-Savassi;único;3029;122420165;POINT (612486.48 7796332.36);;
527;Av. Francisco Sales esquina com Av. Bernardo Monteiro;Detector de Avanço de Semáforo;60;Floresta-Santa EfiigÃªnia;único;3041;39325019;POINT (612259.29 7796657.81);;
528;Av. Francisco Sales esquina com Av. Bernardo Monteiro;Detector de Trânsito em Local Proibido;60;Floresta-Santa EfiigÃªnia;único;3041;39325019;POINT (612254.62 7796663.64);;
529;Av. Otacíllio Negrão de Lima, 1064;Detector de Trânsito em Local Proibido;40;SÃ£o Luiz-Aeroporto;único;3021;122420180;POINT (607525.26 7804236.06);;
530;Av. Otacílio Negrão de Lima esquina com R. Mussi Elias Abuid;Detector de Trânsito em Local Proibido;40;Bandeirantes-BraÃºnas;único;3025;122420136;POINT (604335.87 7804714.03);;
679;Av. Presidente Antônio Carlos entre R. Formiga e Viaduto Angola;Detector de Parada sobre Faixa de Pedestres;60;Centro-Bairro;único;2200026;GCT026;POINT (610463.65 7798896.10);;
680;Av. Presidente Antônio Carlos entre R. Formiga e Viaduto Angola;Detector de Avanço de Semáforo;60;Bairro-Centro;único;2200025;GCT025;POINT (610451.19 7798904.72);;
681;Av. Presidente Antônio Carlos entre R. Formiga e Viaduto Angola;Detector de Parada sobre Faixa de Pedestres;60;Bairro-Centro;único;2200025;GCT025;POINT (610452.53 7798899.16);;
682;Av. Presidente Antônio Carlos, oposto ao 1089;Detector de Avanço de Semáforo;60;Centro-Bairro;único;2200033;GCT033;POINT (610358.80 7799121.32);;
683;Av. Presidente Antônio Carlos, oposto ao 1089;Detector de Parada sobre Faixa de Pedestres;60;Centro-Bairro;único;2200033;GCT033;POINT (610362.64 7799115.18);;
684;Av. Presidente Antônio Carlos, 1089;Detector de Avanço de Semáforo;60;Bairro-Centro;único;2200034;GCT034;POINT (610350.95 7799115.18);;
685;Av. Presidente Antônio Carlos, 1089;Detector de Parada sobre Faixa de Pedestres;60;Bairro-Centro;único;2200034;GCT034;POINT (610347.88 7799119.59);;
686;Av. Presidente Antônio Carlos, 6804;Detector de Avanço de Semáforo;60;Centro-Bairro;único;2200028;GCT028;POINT (609104.25 7803332.25);;
687;Av. Presidente Antônio Carlos, 6804;Detector de Parada sobre Faixa de Pedestres;60;Centro-Bairro;único;2200028;GCT028;POINT (609100.91 7803340.05);;
688;Av. Presidente Antônio Carlos, 6627;Detector de Avanço de Semáforo;60;Bairro-Centro;único;2200027;GCT027;POINT (609083.90 7803347.30);;
689;Av. Presidente Antônio Carlos, 6627;Ô;60;Bairro-Centro;único;2200027;GCT027;POINT (609086.97 7803337.54);;
690;Av. Presidente Antônio Carlos esquina com Av. Coronel José Dias Bicalho;Detector de Avanço de Semáforo;60;Centro-Bairro;único;2200030;GCT030;POINT (608880.77 7803972.67);;
541;Av. Afonso Pena esquina com R. dos Tamaios;Detector de Avanço de Semáforo;60;Mangabeiras-Floresta;único;3027;149240001;POINT (611218.28 7796929.45);;
542;Av. Afonso Pena esquina com R. dos Tamaios;Detector de Trânsito em Local Proibido;60; Mangabeiras-Floresta;único;3027;149240001;POINT (611219.51 7796923.48);;
543;Av. Augusto de Lima, 30;Detector de Invasão de Faixa de Exclusiva - MOVE;60;PraÃ§a Raul Soares;único;1430;1458;POINT (611301.88 7796492.07);;
544;Av. Augusto de Lima, 104;Detector de Invasão de Faixa de Exclusiva - MOVE;60;PraÃ§a Raul Soares;único;1458;1458;POINT (611194.98 7796520.97);;
545;Av. Augusto de Lima, 270;Detector de Invasão de Faixa de Exclusiva - MOVE;60;PraÃ§a Raul Soares;único;1459;1459;POINT (611056.92 7796557.30);;
546;Av. Augusto de Lima, 374;Detector de Invasão de Faixa de Exclusiva - MOVE;60;PraÃ§a Raul Soares;único;1469;1469;POINT (610926.85 7796594.87);;
547;Av. Augusto de Lima, 45;Detector de Invasão de Faixa de Exclusiva - MOVE;60;PraÃ§a Afonso Arinos;único;1456;1456;POINT (611227.32 7796491.07);;
548;Av. Augusto de Lima, 285;Detector de Invasão de Faixa de Exclusiva - MOVE;60;PraÃ§a Afonso Arinos;único;1466;1466;POINT (611091.43 7796529.11);;
549;Av. Augusto de Lima, 407;Detector de Invasão de Faixa de Exclusiva - MOVE;60;PraÃ§a Afonso Arinos;único;1468;1468;POINT (610954.57 7796566.26);;
550;Av. Augusto de Lima, 555;Detector de Invasão de Faixa de Exclusiva - MOVE;60;PraÃ§a Afonso Arinos;único;1503;1503;POINT (610820.23 7796602.04);;
551;Av. Cristiano Machado entre R. Machado e R. Itaúna;Detector de Invasão de Faixa de Exclusiva - MOVE;60;Centro-Bairro;único;9702;9702;POINT (611645.61 7798771.10);;
552;Av. Cristiano Machado, 539;Detector de Invasão de Faixa de Exclusiva - MOVE;60;Bairro-Centro;único;9703;9703;POINT (611814.74 7798852.33);;
553;Av. Cristiano Machado, 8983;Detector de Invasão de Faixa de Exclusiva - MOVE;70;Bairro-Centro;único;9706;9706;POINT (611469.19 7804276.98);;
554;Av. Cristiano Machado, 8995;Detector de Invasão de Faixa de Exclusiva - MOVE;70;Centro-Bairro;único;1329;1329;POINT (611483.60 7804366.71);;
555;Av. Cristiano Machado, 9309;Detector de Invasão de Faixa de Exclusiva - MOVE;60;Bairro-Centro;único;9708;9708;POINT (611636.72 7804710.79);;
556;Av. Cristiano Machado, 9309;Controlador Eletrônico de Velocidade;60;Bairro-Centro;único;9708;9708;POINT (611639.56 7804709.29);;
557;Av. Cristiano Machado, 9309;Controlador Eletrônico de Velocidade;60;Bairro-Centro;único;9709;9709;POINT (611643.40 7804707.12);;
558;Av. Cristiano Machado, oposto ao 9015;Detector de Invasão de Faixa de Exclusiva - MOVE;70;Centro-Bairro;único;1374;1374;POINT (611551.03 7804476.98);;
559;Av. Cristiano Machado, 9880;Detector de Invasão de Faixa de Exclusiva - MOVE;70;Centro-Bairro;único;1673;1673;POINT (611530.98 7805690.19);;
560;Av. Cristiano Machado a 120m da R. Coronel Joaquim Tibúrcio;Detector de Invasão de Faixa de Exclusiva - MOVE;70;Bairro-Centro;único;1408;1408;POINT (611125.99 7806121.09);;
561;Av. Cristiano Machado esquina com R. Nair Pentagna Guimarãees;Detector de Invasão de Faixa de Exclusiva - MOVE;70;Bairro-Centro;único;1429;1429;POINT (611435.95 7805767.81);;
562;Av. Cristiano Machado esquina com R. Olivia Maria de Jesus;Controlador Eletrônico de Velocidade;70;Centro-Bairro;único;2200017;GCT017;POINT (610991.69 7806429.54);;
564;Av. Cristiano Machado, oposto ao 11300;Controlador Eletrônico de Velocidade;70;Bairro-Centro;único;9707;9707;POINT (610581.83 7807521.70);;
565;Av. Cristiano Machado, oposto ao 11300;Controlador Eletrônico de Velocidade;70;Bairro-Centro;único;9705;9705;POINT (610579.16 7807520.03);;
566;Av. Cristiano Machado, oposto ao 11300;Detector de Invasão de Faixa de Exclusiva - MOVE;70;Bairro-Centro;único;9705;9705;POINT (610575.82 7807517.53);;
581;Av. Dom Pedro I entre R. Luis Bento e Viaduto Oscar Niemeyer;Controlador Eletrônico de Velocidade;30;Centro-Bairro;único;2200045;GCT045;POINT (608237.12 7805431.73);;
582;Av. Dom Pedro I entre R. Luis Bento e Viaduto Oscar Niemeyer;Detector de Invasão de Faixa de Exclusiva - MOVE;60;Bairro-Centro;único;2200031;GCT031;POINT (608206.85 7805425.00);;
583;Av. Dom Pedro I, 402;Detector de Invasão de Faixa de Exclusiva - MOVE;60;Centro-Bairro;único;2200032;GCT032;POINT (608104.02 7805746.30);;
584;Av. Dom Pedro I, oposto ao 402;Controlador Eletrônico de Velocidade;30;Bairro-Centro;único;2200046;GCT046;POINT (608080.00 7805746.30);;
585;Av. Dom Pedro I, oposto ao 1300;Detector de Invasão de Faixa de Exclusiva - MOVE;60;Bairro-Centro;único;9695;9695;POINT (608504.56 7806627.75);;
586;Av. Dom Pedro I a 72m da Av. General Olímpio Mourão Filho;Controlador Eletrônico de Velocidade;60;Centro-Bairro;9694;9694;9694;POINT (608745.64 7807074.56);;
587;Av. Dom Pedro I a 72m da Av. General Olímpio Mourão Filho;Detector de Invasão de Faixa de Exclusiva - MOVE;60;Centro-Bairro;9694;9694;9694;POINT (608741.33 7807075.91);;
588;Av. Dom Pedro I, 2600;Controlador Eletrônico de Velocidade;60;Centro-Bairro;único;9704;9704;POINT (609302.13 7807442.88);;
589;Av. Dom Pedro I, oposto ao 2600;Detector de Invasão de Faixa de Exclusiva - MOVE;60;Bairro-Centro;único;9697;9697;POINT (609293.12 7807453.17);;
590;Av. Dom Pedro II, oposto ao 1002;Detector de Invasão de Faixa de Exclusiva - MOVE;60;Bairro-Centro;único;1316;1316;POINT (609541.02 7797691.07);;
591;Av. Dom Pedro II, 827;Detector de Invasão de Faixa de Exclusiva - MOVE;60;Bairro-Centro;único;1296;1296;POINT (609688.72 7797672.72);;
592;Av. Dom Pedro II, 1275;Detector de Invasão de Faixa de Exclusiva - MOVE;60;Bairro-Centro;único;1291;1291;POINT (609359.11 7797924.73);;
593;Av. Dom Pedro II, 1421;Detector de Invasão de Faixa de Exclusiva - MOVE;60;Bairro-Centro;único;1276;1276;POINT (609309.89 7798026.90);;
594;Av. Dom Pedro II, 3250;Controlador Eletrônico de Velocidade;60;Centro-Bairro;único;2200015;GCT015;POINT (607585.03 7797872.53);;
595;Av. Dom Pedro II, 3391;Controlador Eletrônico de Velocidade;60;Bairro-Centro;único;2200016;GCT016;POINT (607508.82 7797846.03);;
596;Av. Dom Pedro II, 4528;Detector de Invasão de Faixa de Exclusiva - MOVE;60;Centro-Bairro;único;1211;1211;POINT (606513.91 7798195.10);;
597;Av. Dom Pedro II, 4714;Detector de Invasão de Faixa de Exclusiva - MOVE;60;Centro-Bairro;único;1046;1046;POINT (606402.83 7798414.49);;
598;Av. Dom Pedro II, 4419;Detector de Invasão de Faixa de Exclusiva - MOVE;60;Bairro-Centro;único;1273;1273;POINT (606552.16 7798078.30);;
599;Av. Dom Pedro II, 4615;Detector de Invasão de Faixa de Exclusiva - MOVE;60;Bairro-Centro;único;1047;1047;POINT (606458.98 7798263.47);;
600;Av. dos Andradas, oposto ao 3000;Controlador Eletrônico de Velocidade;60;Bairro-Centro;único;2200019;GCT019;POINT (612848.74 7796992.85);;
691;Av. Presidente Antônio Carlos esquina com Av. Coronel José Dias Bicalho;Detector de Parada sobre Faixa de Pedestres;60;Centro-Bairro;único;2200030;GCT030;POINT (608878.03 7803980.58);;
692;Av. Presidente Antônio Carlos esquina com Av. Coronel José Dias Bicalho;Detector de Avanço de Semáforo;60;Bairro-Centro;único;2200029;GCT029;POINT (608858.27 7804002.02);;
944;"Av. Cristiano Machado, nÂº 1.320
";Controlador Eletrônico de Velocidade;60;Centro-Bairro;único;118690022;S5103;POINT (612217.61 7799324.50);;
945;Av. Cristiano Machado, nÂº 1.320;Detector de Invasão de Faixa de Exclusiva - MOVE;60;Centro-Bairro;único;118690022;S5103;POINT (612214.90 7799324.69);;
946;Av. Cristiano Machado, oposto ao nÂº 1.320;Detector de Invasão de Faixa de Exclusiva - MOVE;60;Bairro-Centro;único;118690013;S5104;POINT (612213.16 7799327.79);;
947;Av. Cristiano Machado, oposto ao nÂº 1.320;Controlador Eletrônico de Velocidade;60;Bairro-Centro;único;118690013;S5104;POINT (612209.87 7799328.17);;
948;"Av. Cristiano Machado, oposto ao nÂº 10.732
";Detector de Invasão de Faixa de Exclusiva - MOVE;60;Bairro-Centro;único;516303018;S5107;POINT (610799.85 7807021.41);;
949;"Av. Cristiano Machado, oposto ao nÂº 10.732
";Controlador Eletrônico de Velocidade;60;Bairro-Centro;único;516303018;S5107;POINT (610801.90 7807022.31);;
950;"Av. Cristiano Machado, oposto ao nÂº 10.732
";Controlador Eletrônico de Velocidade;60;Bairro-Centro;único;516302905;S5107;POINT (610805.11 7807023.85);;
951;Av. Cristiano Machado, nÂº 673;Controlador Eletrônico de Velocidade;60;Bairro-Centro;único;516303124;S5102;POINT (612052.66 7798936.94);;
952;Av. João XXIII, nÂº 1.233;Controlador Eletrônico de Velocidade;60;"Av. AbÃ­lio Machado
";único;516302892;S4201;POINT (605286.82 7799175.04);;
953;"Av. JoÃ£o XXIII, oposto ao nÂº 1.233
";Controlador Eletrônico de Velocidade;60;"Av. Pres. Tancredo Neves
";único;516302922;S4202;POINT (605258.87 7799165.29);;
954;Av. Presidente Antônio Carlos, a 52 mestros da Av. Manoel Gomes;Controlador Eletrônico de Velocidade;60;Bairro-Centro;único;118690012;S2102;POINT (609815.23 7801232.58);;
955;"Av. Presidente AntÃ´nio Carlos, a 52 mestros da Av. Manoel Gomes
";Detector de Invasão de Faixa de Exclusiva - MOVE;60;Bairro-Centro;único;118690012;S2102;POINT (609812.79 7801231.29);;
956;"Av. Presidente AntÃ´nio Carlos, nÂº 7.665
";Controlador Eletrônico de Velocidade;60;bairro-Centro;único;118690018;S2103;POINT (608802.49 7804160.50);;
957;Av. Presidente Antônio Carlos, nÂº 7.665;Detector de Invasão de Faixa de Exclusiva - MOVE;60;Bairro-Centro;único;118690018;S2103;POINT (608799.93 7804159.61);;
958;Av. Presidente Antônio Carlos, nÂº 1.694;Controlador Eletrônico de Velocidade;60;Centro-Bairro;único;118690011;S2101;POINT (610044.02 7799584.52);;
959;"Av. Presidente AntÃ´nio Carlos, nÂº 1.694
";Detector de Invasão de Faixa de Exclusiva - MOVE;60;Centro-Bairro;único;118690011;S2101;POINT (610041.84 7799583.36);;
960;"Av. Waldyr Soeiro Emrich, nÂº 498
";Controlador Eletrônico de Velocidade;60;"Barreiro-BetÃ¢nia
";único;516303052;S1201;POINT (604811.62 7791470.96);;
961;Av. Waldyr Soeiro Emrich, oposto ao nÂº 498;Controlador Eletrônico de Velocidade;60;"BetÃ¢nia-Barreiro
";único;516302911;S1202;POINT (604776.20 7791450.83);;
962;"Av. Cristiano Machado, nÂº 1.950
";Controlador Eletrônico de Velocidade;60;Centro-Bairro;único;118690021;G5105;POINT (612143.33 7800251.81);;
963;"Av. Cristiano Machado, nÂº 1.950
";Detector de Invasão de Faixa de Exclusiva - MOVE;60;Centro-Bairro;único;118690021;G5105;POINT (612142.04 7800255.91);;
964;"Av. Cristiano Machado, oposto ao nÂº 1.950
";Controlador Eletrônico de Velocidade;60;Bairro-Centro;único;118690015;G5106;POINT (612133.07 7800261.30);;
965;"Av. Cristiano Machado, oposto ao nÂº 1.950
";Detector de Invasão de Faixa de Exclusiva - MOVE;60;Bairro-Centro;único;118690015;G5106;POINT (612132.30 7800265.66);;
966;"Av. Amazonas, nÂº 3.960
";Controlador Eletrônico de Velocidade;60;Centro-Bairro;único;516302925;G1101;POINT (607784.58 7795830.74);;
967;"Av. Amazonas, nÂº 3.995
";Controlador Eletrônico de Velocidade;60;Bairro-Centro;único;516302904;G1102;POINT (607792.54 7795819.45);;
968;"Av. Presidente AntÃ´nio Carlos, oposto ao nÂº 8.281
";Controlador Eletrônico de Velocidade;60;Centro-Bairro;único;516302914;G2104;POINT (608335.26 7804860.11);;
878;"Av. dos Andradas, 405
";Detector de Invasão de Faixa de Exclusiva - MOVE;60;"Santa Tereza-Floresta
";único;1385;BRI1385;POINT (611488.34 7797186.88);;
879;Av. dos Andradas, prÃ³ximo ao 286;Detector de Invasão de Faixa de Exclusiva - MOVE;60;Centro-Bairro;único;1373;BRI1373;POINT (611486.89 7797271.29);;
880;"Av. dos Andradas, esquina Av. do Contorno
";Detector de Avanço de Semáforo;60;Bairro-Centro;único;1155;BRI1155;POINT (612603.75 7796910.91);;
881;"Av. Nossa Senhora do Carmo, 665 (Pista interna)
";Detector de Invasão de Faixa de Exclusiva - MOVE;60;Bairro-Centro;único;1424;BRI1424;POINT (611490.57 7794153.31);;
882;"Av. Nossa Senhora do Carmo, 702 (Pista interna)
";Detector de Invasão de Faixa de Exclusiva - MOVE;60;Centro-Bairro;único;1540;BRI1540;POINT (611453.01 7794094.65);;
883;"Av. Presidente Antônio Carlos, a 45 metros da R. Adalberto
Ferraz - Acesso a Pista Exclusiva para ônibus";Detector de Invasão de Faixa de Exclusiva - MOVE;60;Bairro-Centro;único;1640;BRI1640;POINT (610723.54 7798196.49);;
884;"Av. Presidente Antônio Carlos, a 45 metros da R. Adalberto
Ferraz - Acesso a Pista Exclusiva para ônibus";Detector de Invasão de Faixa de Exclusiva - MOVE;60;Centro-Bairro;único;1640;BRI1640;POINT (610722.96 7798207.72);;
885;Av. Presidente Antônio Carlos, esquina Av. Antônio Abrahão Caram;Detector de Avanço de Semáforo;60;Bairro-Centro;único;1365;BRI1365;POINT (608924.83 7803774.60);;
887;Av. Presidente Antônio Carlos, esquina R. Estoril;Detector de Avanço de Semáforo;60;Centro-Bairro;único;1391;BRI1391;POINT (609477.44 7802290.11);;
888;Av. Presidente Antônio Carlos, esquina R. Padre Leopoldo Mertens;Detector de Avanço de Semáforo;60;Centro-Bairro;único;1244;BRI1244;POINT (609448.98 7802370.84);;
889;"Av. Presidente AntÃ´nio Carlos, 2672
";Detector de Avanço de Semáforo;60;Centro-Bairro;único;1837;BRI1837;POINT (609844.69 7800587.43);;
890;"Av. Presidente AntÃ´nio Carlos, 4157
";Detector de Avanço de Semáforo;60;Bairro-Centro;único;1816;BRI1816;POINT (609440.17 7802288.28);;
891;Av. Presidente Antônio Carlos, 7596;Detector de Avanço de Semáforo;60;Centro-Bairro;único;1367;BRI1367;POINT (608848.92 7804093.38);;
892;Av. Presidente Antônio Carlos, 7605;Detector de Avanço de Semáforo;60;Bairro-Centro;único;1368;BRI1368;POINT (608813.50 7804090.08);;
893;Av. Presidente Antônio Carlos, oposto ao 2672;Detector de Avanço de Semáforo;60;Bairro-Centro;único;1742;BRI1742;POINT (609805.88 7800584.23);;
894;Av. Risoleta Neves, entre Viad. Um Mil Novecentos e Setenta Nove e PÃ§. Corpo de Bombeiros Militar;Detector de Invasão de Faixa de Exclusiva - MOVE;60;Bairro-Centro;único;1618;BRI1618;POINT (612349.55 7803397.78);;
895;"Av. Vilarinho, esquina R. MaÃ§on Ribeiro
";Detector de Avanço de Semáforo;60;Bairro-Centro;único;1009;BRI1009;POINT (609705.69 7808239.84);;
896;"Av. Nossa Senhora do Carmo, 289 (Pista interna)
";Detector de Invasão de Faixa de Exclusiva - MOVE;60;Bairro-Centro;único;1393;BRI1393;POINT (611574.58 7794508.57);;
897;Av. Vilarinho, esquina R. Cascalheira;Detector de Avanço de Semáforo;60;Bairro-Centro;único;1520;BRI1520;POINT (609359.88 7808724.61);;
898;Av. Vilarinho, esquina R. MaÃ§on Ribeiro;Detector de Avanço de Semáforo;60;Centro-Bairro;único;1650;BRI1650;POINT (609738.26 7808230.16);;
899;Av. Vilarinho, esquina R. MaÃ§on Ribeiro;Detector de Conversão-Retorno em local Proibido;60;Centro-Bairro;único;1650;BRI1650;POINT (609740.29 7808231.03);;
900;Av. Vilarinho, esquina R. MaÃ§on Ribeiro - Pista MOVE;Detector de Avanço de Semáforo;60;Centro-Bairro;único;1619;BRI1619;POINT (609726.55 7808231.90);;
901;Av. Vilarinho, esquina R. MaÃ§on Ribeiro - Pista MOVE;Detector de Conversão-Retorno em local Proibido;60;Centro-Bairro;único;1619;BRI1619;POINT (609729.07 7808232.19);;
902;Av. Vilarinho, esquina R. Severino Lara;Detector de Avanço de Semáforo;60;Centro-Bairro;único;1518;BRI1518;POINT (609396.95 7808721.70);;
903;"Av. Vilarinho, 1021
";Detector de Invasão de Faixa de Exclusiva - MOVE;60;Bairro-Centro;único;1784;BRI1784;POINT (609708.45 7808248.07);;
904;Av. Vilarinho, 1021;Detector de Invasão de Faixa de Exclusiva - MOVE;60;Centro-Bairro;único;1784;BRI1784;POINT (609720.84 7808248.36);;
983;"Av. Risoleta Neves, a 145 metros da R. Raimunda Rocha Alves
";Controlador Eletrônico de Velocidade;60;Bairro-Centro;único;516302920;G5301;POINT (613127.15 7804844.28);;
984;"Av. Risoleta Neves, a 152 metros da R. Raimunda Rocha Alves
";Controlador Eletrônico de Velocidade;60;Centro-Bairro;único;516303049;G5302;POINT (613138.57 7804833.64);;
842;Av. Vereador Cíero Ildefono, 403;Controlador Eletrônico de Velocidade;40;Bairro-Centro;único;10374;10374;POINT (604193.36 7796508.34);;
813;Av. Rubens Caporali Ribeiro, 94;Detector de Trânsito em Local Proibido;40;Olhos D'Ã¡gua-Buritis;único;3051;122420186;POINT (607107.18 7789879.54);;
814;Av. Portugal, 3881;Detector de Avanço de Semáforo;60;ItapoÃ£-Santa Branca;único;3061;122420172;POINT (608274.30 7805676.34);;
815;Av. Portugal oposto ao 3871;Detector de Avanço de Semáforo;60;Aeroporto-Santa Branca;único;3062;122420142;POINT (608254.53 7805664.75);;
816;Av. Portugal oposto ao 3871;Detector de Avanço de Semáforo;60;Viaduto Oscar Niemeyer-Santa Branca;único;3063;122420133;POINT (608261.07 7805668.97);;
841;Av. Vereador Cícero Ildefono, 953;Controlador Eletrônico de Velocidade;40;Bairro-Centro;único;9086;9086;POINT (604386.22 7796484.77);;
843;Av. Teresa Cristina a 27 metros da R. Carmelita Prates da Silva;Controlador Eletrônico de Velocidade;60;Bairro-Centro;único;516303156;G6102;POINT (606027.90 7793962.83);;
923;"Av. Waldyr Soeiro Emrich, esquina Aladin Correa de Faria
";Detector de Avanço de Semáforo;60;JatobÃ¡-MilionÃ¡rios;único;1724;BRI1724;POINT (602771.65 7789108.53);;
924;"Av. Waldyr Soeiro Emrich, esquina Rua JosÃ© dos Santos Lage
";Detector de Avanço de Semáforo;60;"MilionÃ¡rios-JatobÃ¡
";único;1724;BRI1724;POINT (602800.31 7789124.21);;
925;"Av. Waldyr Soeiro Emtich, n.Âº 1455 (Pista interna)
";Detector de Invasão de Faixa de Exclusiva - MOVE;60;Bairro-Centro;único;1711;BRI1711;POINT (604098.53 7790691.43);;
926;"Av. Waldyr Soeiro Emtich, n.Âº 1476 (Pista interna)
";Detector de Invasão de Faixa de Exclusiva - MOVE;60;Centro-Bairro;único;1827;BRI1827;POINT (604150.86 7790772.48);;
927;"PraÃ§a Maria Deusa Marra esquina com Av. Portugal
";Detector de Invasão de Faixa de Exclusiva - MOVE;60;"Bairro-Centro
";único;1272;BRI1272;POINT (607937.33 7805633.63);;
928;"Rua Aladin Correa de Faria, esquina Av. Waldyr Soeiro Emrich
";Detector de Avanço de Semáforo;40;Miramar-Teixeira Dias;único;1641;BRI1641;POINT (602792.39 7789101.95);;
929;"Rua Aladin Correa de Faria, esquina Av. Waldyr Soeiro Emrich
";Detector de Conversão-Retorno em local Proibido;40;"Miramar-Teixeira Dias
";único;1641;BRI1641;POINT (602794.70 7789102.33);;
930;Rua José dos Santos Lage, esquina Av. Waldyr Soeiro Emrich;Detector de Avanço de Semáforo;40;Teixeira Dias-Miramar;único;1035;BRI1035;POINT (602783.42 7789133.11);;
931;"Rua JosÃ© dos Santos Lage, esquina Av. Waldyr Soeiro Emrich
";Detector de Conversão-Retorno em local Proibido;40;"Teixeira Dias-Miramar
";único;1035;BRI1035;POINT (602780.98 7789132.60);;
932;Rua Severino Lara, esquina Av. Vilarinho;Detector de Avanço de Semáforo;40;"Minas Caixa-Venda Nova
";único;1308;BRI1308;POINT (609390.01 7808745.65);;
418;Av. Cristiano Machado, oposto 4001;Detector de Parada sobre Faixa de Pedestres;60;Centro-Bairro;único;1140;;POINT (612188.01 7801860.68);;
419;Av. Cristiano Machado, oposto 4001;Detector de Avanço de Semáforo;60;Centro-Bairro;único;1201;;POINT (612205.41 7801851.75);;
420;Av. Cristiano Machado, oposto 4001;Detector de Parada sobre Faixa de Pedestres;60;Centro-Bairro;único;1201;;POINT (612206.98 7801859.79);;
421;Av. Cristiano Machado, 4001;Detector de Avanço de Semáforo;60;Bairro-Centro;único;1263;;POINT (612155.65 7801871.39);;
422;Av. Cristiano Machado, 4001;Detector de Parada sobre Faixa de Pedestres;60;Bairro-Centro;único;1263;;POINT (612153.86 7801863.80);;
423;Av. do Contorno esquina com Viaduto Jornalista Oswaldo Faria;Detector de Avanço de Semáforo;60;Lagoinha-Viaduto Santa Tereza;único;1360;;POINT (611546.28 7797576.65);;
424;Av. do Contorno esquina com Viaduto Jornalista Oswaldo Faria;Detector de Avanço de Semáforo;60;Lagoinha-Viaduto Santa Tereza;único;1387;;POINT (611542.13 7797570.75);;
425;Av. do Contorno esquina com Viaduto Jornalista Oswaldo Faria;Detector de Parada sobre Faixa de Pedestres;60;Lagoinha-Viaduto Santa Tereza;único;1360;;POINT (611553.17 7797572.28);;
426;Av. do Contorno esquina com Viaduto Jornalista Oswaldo Faria;Detector de Parada sobre Faixa de Pedestres;60;Lagoinha-Viaduto Santa Tereza;único;1387;;POINT (611549.45 7797564.84);;
427;Av. do Contorno esquina com R. Paracatu;Detector de Avanço de Semáforo;60;Viaduto Oeste-Barro Preto;único;1356;;POINT (609826.43 7797302.57);;
428;Av. do Contorno esquina com R. Paracatu;Detector de Parada sobre Faixa de Pedestres;60;Viaduto Oeste-Barro Preto;único;1356;;POINT (609815.17 7797301.83);;
429;Av. do Contorno esquina com R. Paracatu;Detector de Avanço de Semáforo;60;Barro Preto-Viaduto Oeste;único;1353;;POINT (609805.63 7797285.17);;
430;Av. do Contorno esquina com R. ParacatÃº;Detector de Avanço de Semáforo;60;Barro Preto-Viaduto Oeste;único;1355;;POINT (609804.78 7797278.06);;
431;Av. do Contorno esquina com R. ParacatÃº;Detector de Parada sobre Faixa de Pedestres;60;Barro Preto-Viaduto Oeste;único;1353;;POINT (609812.49 7797283.57);;
432;Av. do Contorno esquina com R. ParacatÃº;Detector de Parada sobre Faixa de Pedestres;60;Barro Preto-Viaduto Oeste;único;1355;;POINT (609811.14 7797277.33);;
601;Av. Presidente  Antônio Carlos, 3838;Detector de Invasão de Faixa de Exclusiva - MOVE;60;Centro-Bairro;único;2200024;GCT024;POINT (609585.51 7801963.45);;
602;Av. Presidente  Antônio Carlos, oposto ao 4013;Controlador Eletrônico de Velocidade;60;Centro-Bairro;único;2200050;GCT050;POINT (609532.33 7802107.69);;
603;Av. Presidente  Antônio Carlos, 6484;Detector de Invasão de Faixa de Exclusiva - MOVE;60;Centro-Bairro;único;2200023;GCT023;POINT (609194.30 7803070.55);;
604;Av. Presidente  Antônio Carlos, 6627;Controlador Eletrônico de Velocidade;60;Bairro-Centro;único;2200049;GCT049;POINT (609065.12 7803397.86);;
605;Av. Presidente  Antônio Carlos, 6627;Detector de Invasão de Faixa de Exclusiva - MOVE;60;Bairro-Centro;único;2200049;GCT049;POINT (609069.46 7803399.07);;
606;Av. Presidente  Antônio Carlos, 7400;Detector de Invasão de Faixa de Exclusiva - MOVE;60;Centro-Bairro;único;2200022;GCT022;POINT (608915.89 7803867.56);;
607;Av. Presidente  Antônio Carlos, oposto ao 8281;Controlador Eletrônico de Velocidade;60;Centro-Bairro;único;2200048;GCT048;POINT (608335.94 7804845.01);;
608;Av. Presidente  Antônio Carlos, 8281;Controlador Eletrônico de Velocidade;60;Bairro-Centro;único;2200047;GCT047;POINT (608327.17 7804835.69);;
609;Av. Presidente Carlos Luz, oposto ao 3514;Detector de Invasão de Faixa de Exclusiva - MOVE;60;Centro-Bairro;único;2200011;GCT011;POINT (607540.36 7800971.12);;
610;Av. Presidente Carlos Luz entre Anel RodoviÃ¡rio e PraÃ§a Pedro Mello;Detector de Invasão de Faixa de Exclusiva - MOVE;60;Centro-Bairro;único;2200012;GCT012;POINT (607240.02 7801370.36);;
611;Av. Presidente Juscelino Kubitschek a 122 metros da Rua do Garimpo;Controlador Eletrônico de Velocidade;80;Contagem-Belo Horizonte;único;2200041;GCT041;POINT (604191.67 7795427.46);;
614;Av. Presidente Juscelino Kubitschek a 170 metros do Viaduto Elevado da Massa;Controlador Eletrônico de Velocidade;60;Contagem-Belo Horizonte;único;9698;9698;POINT (602581.23 7795647.03);;
615;Av. Presidente Juscelino Kubitschek a 170 metros do Viaduto Elevado da Massa;Controlador Eletrônico de Velocidade;80;Contagem-Belo Horizonte;único;9701;9701;POINT (602575.41 7795655.78);;
693;Av. Presidente Antônio Carlos esquina com Av. Coronel José Dias Bicalho;Detector de Parada sobre Faixa de Pedestres;60;Bairro-Centro;único;2200029;GCT029;POINT (608860.24 7803993.96);;
694;Av. Cristiano Machado esquina com R. JacuÃ­;Detector de Avanço de Semáforo;60;Centro-Bairro;único;9536;9536;POINT (611721.22 7798801.28);;
695;Av. Cristiano Machado esquina com R. JacuÃ­;Detector de Parada sobre Faixa de Pedestres;60;Centro-Bairro;único;9536;9536;POINT (611729.30 7798803.23);;
696;Av. Cristiano Machado esquina com R. JacuÃ­;Detector de Avanço de Semáforo;60;Bairro-Centro;único;9353;9353;POINT (611746.31 7798825.53);;
697;Av. Cristiano Machado esquina com R. JacuÃ­;Detector de Parada sobre Faixa de Pedestres;60;Bairro-Centro;único;9353;9353;POINT (611739.34 7798822.47);;
701;Av. Cristiano Machado, oposto 4001;Detector de Avanço de Semáforo;60;Centro-Bairro;único;9349;9349;POINT (612175.28 7801855.57);;
702;Av. Cristiano Machado, oposto 4001;Detector de Parada sobre Faixa de Pedestres;60;Centro-Bairro;único;9349;9349;POINT (612177.67 7801864.58);;
703;Av. Cristiano Machado, 4001;Detector de Avanço de Semáforo;60;Bairro-Centro;único;9350;9350;POINT (612167.07 7801870.14);;
704;Av. Cristiano Machado, 4001;Detector de Parada sobre Faixa de Pedestres;60;Bairro-Centro;único;9350;9350;POINT (612164.68 7801861.13);;
705;Av. Dom Pedro I, 2062;Detector de Avanço de Semáforo;60;Centro-Bairro;único;9351;9351;POINT (608904.54 7807210.55);;
706;Av. Dom Pedro I, 2062;Detector de Parada sobre Faixa de Pedestres;60;Centro-Bairro;único;9351;9351;POINT (608908.73 7807213.15);;
707;Av. Presidente AntÃ´nio Carlos, 521;Detector de Avanço de Semáforo;60;Bairro-Centro;único;9348;9348;POINT (610593.39 7798442.91);;
708;Av. Presidente AntÃ´nio Carlos, 521;Detector de Parada sobre Faixa de Pedestres;60;Bairro-Centro;único;9348;9348;POINT (610594.91 7798435.31);;
709;Av. Presidente AntÃ´nio Carlos, oposto ao 521;Detector de Avanço de Semáforo;60;Centro-Bairro;único;9347;9347;POINT (610607.08 7798420.86);;
710;Av. Presidente AntÃ´nio Carlos, oposto ao 521;Detector de Parada sobre Faixa de Pedestres;60;Centro-Bairro;único;9347;9347;POINT (610606.01 7798428.46);;
711;R. Desembargador Barcelos esquina com Av. Silva Lobo;Detector de Avanço de Semáforo;40;Gamleira-Prado;único;1565;1565;POINT (607544.25 7796356.07);;
712;R. Desembargador Barcelos esquina com Av. Silva Lobo;Detector de Parada sobre Faixa de Pedestres;40;Gamleira-Prado;único;1565;1565;POINT (607546.53 7796360.18);;
713;R. Desembargador Barcelos esquina com Av. Silva Lobo;Detector de Conversão-Retorno em local Proibido;40;Gamleira-Prado;único;1565;1565;POINT (607545.31 7796364.89);;
714;R. Platina esquina com Av. Silva Lobo;Detector de Avanço de Semáforo;40;Prado-Gameleira;único;1574;1574;POINT (607560.42 7796400.25);;
715;R. Platina esquina com Av. Silva Lobo;Detector de Parada sobre Faixa de Pedestres;40;Prado-Gameleira;único;1574;1574;POINT (607556.01 7796399.34);;
716;R. Platina esquina com Av. Silva Lobo;Detector de Conversão-Retorno em local Proibido;40;Prado-Gameleira;único;1574;1574;POINT (607556.62 7796394.32);;
717;R. Dom Leme esquina com Av. Cristiano Machado;Detector de Avanço de Semáforo;40;Silveira-Cidade Nova;único;1585;1585;POINT (612060.64 7800770.31);;
718;R. Dom Leme esquina com Av. Cristiano Machado;Detector de Parada sobre Faixa de Pedestres;40;Silveira-Cidade Nova;único;1585;1585;POINT (612063.46 7800770.62);;
719;R. Dom Leme esquina com Av. Cristiano Machado;Detector de Conversão-Retorno em local Proibido;40;Silveira-Cidade Nova;único;1585;1585;POINT (612066.18 7800770.52);;
721;R. Professor Pimenta da Veiga esquina com Av. Cristiano Machado;Detector de Avanço de Semáforo;40;Cidade Nova-Silveira;único;1582;1582;POINT (612113.51 7800754.85);;
722;R. Professor Pimenta da Veiga esquina com Av. Cristiano Machado;Detector de Parada sobre Faixa de Pedestres;40;Cidade Nova-Silveira;único;1582;1582;POINT (612108.91 7800760.21);;
723;R. Professor Pimenta da Veiga esquina com Av. Cristiano Machado;Detector de Conversão-Retorno em local Proibido;40;Cidade Nova-Silveira;único;1582;1582;POINT (612106.23 7800755.04);;
724;R. Benjamin Flores esquina com Av. Teresa Cristina;Detector de Avanço de Semáforo;40;Nova Cintra-CinquentenÃ¡rio;único;2200006;GCT006;POINT (606106.75 7793283.33);;
725;R. Benjamin Flores esquina com Av. Teresa Cristina;Detector de Parada sobre Faixa de Pedestres;40;Nova Cintra-CinquentenÃ¡rio;único;2200006;GCT006;POINT (606109.26 7793283.01);;
726;R. Benjamin Flores esquina com Av. Teresa Cristina;Detector de Conversão-Retorno em local Proibido;40;Nova Cintra-CinquentenÃ¡rio;único;2200006;GCT006;POINT (606112.09 7793281.97);;
727;R. Benjamin Flores esquina com Av. Teresa Cristina;Detector de Avanço de Semáforo;40;CinquentenÃ¡rio-Nova Cintra;único;2200007;GCT007;POINT (606166.43 7793276.86);;
728;R. Benjamin Flores esquina com Av. Teresa Cristina;Detector de Parada sobre Faixa de Pedestres;40;CinquentenÃ¡rio-Nova Cintra;único;2200007;GCT007;POINT (606162.24 7793277.59);;
729;R. Benjamin Flores esquina com Av. Teresa Cristina;Detector de Conversão-Retorno em local Proibido;40;CinquentenÃ¡rio-Nova Cintra;único;2200007;GCT007;POINT (606158.05 7793279.05);;
730;Av. Teresa Cristina esquina com R. Benjamin Flores;Detector de Avanço de Semáforo;60;Centro-Bairro;único;2200020;GCT020;POINT (606127.62 7793300.91);;
731;Av. Teresa Cristina esquina com R. Benjamin Flores;Detector de Parada sobre Faixa de Pedestres;60;Centro-Bairro;único;2200020;GCT020;POINT (606127.26 7793292.53);;
732;Av. Teresa Cristina esquina com R. Benjamin Flores;Detector de Conversão-Retorno em local Proibido;60;Centro-Bairro;único;2200020;GCT020;POINT (606119.97 7793294.53);;
733;Av. dos Andradas esquina com Av. do Contorno;Detector de Avanço de Semáforo;60;Centro-Bairro;único;2200018;GCT018;POINT (612578.45 7796858.42);;
734;Av. dos Andradas esquina com Av. do Contorno;Detector de Parada sobre Faixa de Pedestres;60;Centro-Bairro;único;2200018;GCT018;POINT (612589.96 7796861.30);;
735;Av. dos Andradas esquina com Av. do Contorno;Detector de Conversão-Retorno em local Proibido;60;Centro-Bairro;único;2200018;GCT018;POINT (612585.55 7796866.47);;
736;R. JacuÃ­ esquina com Av. Cristiano Machado;Detector de Avanço de Semáforo;60;Ipiranga-UniÃ£o;único;9941;9941;POINT (612086.24 7801673.89);;
737;R. JacuÃ­ esquina com Av. Cristiano Machado;Detector de Parada sobre Faixa de Pedestres;60;Ipiranga-UniÃ£o;único;9941;9941;POINT (612090.84 7801678.49);;
738;R. JacuÃ­ esquina com Av. Cristiano Machado;Detector de Conversão-Retorno em local Proibido;60;Ipiranga-UniÃ£o;único;9941;9941;POINT (612091.80 7801673.32);;
739;Av. Dom Pedro II esquina com Av. ItaÃº;Detector de Avanço de Semáforo;60;Centro-Bairro;único;2200014;GCT014;POINT (606002.11 7798770.58);;
740;Av. Dom Pedro II esquina com Av. ItaÃº;Detector de Conversão-Retorno em local Proibido;60;Centro-Bairro;único;2200014;GCT014;POINT (605992.07 7798766.71);;
741;Av. Dom Pedro I, 2676;Detector de Invasão de Faixa de Exclusiva - MOVE;60;Centro-Bairro;único;9696;9696;POINT (609297.16 7807448.73);;
761;Av. Presidente Carlos Luz, 850;Detector de Invasão de Faixa de Exclusiva - MOVE;60;CaiÃ§aras-Campus UFMG;Ambos;1612;;POINT (608200.60 7799287.72);;
762;Av. Presidente Carlos Luz, oposto ao 850;Detector de Invasão de Faixa de Exclusiva - MOVE;60;Campus UFMG-CaiÃ§aras;Ambos;1612;;POINT (608167.58 7799223.00);;
763;Av. Presidente AntÃ´nio Carlos, 217;Detector de Invasão de Faixa de Exclusiva - MOVE;60;Bairro-Centro;Ambos;1640;;POINT (610726.71 7798205.74);;
764;Av. Presidente AntÃ´nio Carlos, 217;Detector de Invasão de Faixa de Exclusiva - MOVE;60;Centro-Bairro;Ambos;1640;;POINT (610716.57 7798184.78);;
766;Av. Risoleta Neves a 151 metros do Viaduto Um Mil Novecentos e Setenta e Nove;Detector de Invasão de Faixa de Exclusiva - MOVE;60;Bairro-Centro;único;1616;;POINT (612579.20 7803753.40);;
767;Viaduto Nansen AraÃºjo esquina com Av. Oiapoque;Detector de Invasão de Faixa de Exclusiva - MOVE;60;Centro-Bairro;único;1639;;POINT (610932.19 7797740.95);;
768;Av. Amazonas esquina com R. Araguari;Detector de Avanço de Semáforo;60;Bairro-Centro;único;3052;397905155;POINT (609873.36 7796410.37);;
769;Av. Amazonas esquina com R. Araguari;Detector de Avanço de Semáforo;60;Bairro-Centro;único;3053;397905151;POINT (609875.06 7796404.00);;
770;Av. Amazonas esquina com R. Araguari;Detector de Trânsito em Local Proibido;60;Bairro-Centro;único;3053;397905151;POINT (609869.90 7796401.17);;
771;Av. Amazonas esquina com R. Araguari;Detector de Trânsito em Local Proibido;60;Bairro-Centro;único;3052;397905155;POINT (609867.35 7796406.55);;
772;Av. Amazonas, oposto ao 5953;Detector de Avanço de Semáforo;60;Centro-Bairro;único;3058;122420166;POINT (605822.39 7795707.91);;
773;Av. Amazonas, oposto ao 5953;Detector de Avanço de Semáforo;60;Centro-Bairro;único;3059;122420155;POINT (605822.79 7795713.51);;
774;Av. Amazonas, 6227;Detector de Avanço de Semáforo;60;Bairro-Centro;único;3060;393305013;POINT (605821.76 7795697.13);;
775;Av. Deputado Cristovam Chiaradia, 971;Detector de Trânsito em Local Proibido;60;Olhos D'Ã¡gua-Buritis;único;3050;122420139;POINT (607389.64 7789849.85);;
783;Av. Nossa Senhora do Carmo esquina com R. Colômbia;Detector de Avanço de Semáforo;60;Bairro-Centro;único;3055;397905153;POINT (611090.16 7793411.22);;
784;Av. Nossa Senhora do Carmo esquina com R. Colômbia;Detector de Trânsito em Local Proibido;60;Bairro-Centro;único;3055;397905153;POINT (611086.42 7793406.63);;
933;"Rua Espinosa, esquina Av. Dom Pedro II
";Detector de Avanço de Semáforo;40;Carlos Prates-Santo AndrÃ©;único;1330;BRI1330;POINT (608978.86 7798296.49);;
;;;;;;;;;;
;;;;;;;;;;
;;;;;;;;;;
;;;;;;;;;;
;;;;;;;;;;
;;;;;;;;;;
;;;;;;;;;;
;;;;;;;;;;
;;;;;;;;;;
;;;;;;;;;;
;;;;;;;;;;
;;;;;;;;;;
;;;;;;;;;;
;;;;;;;;;;
;;;;;;;;;;
;;;;;;;;;;
;;;;;;;;;;
;;;;;;;;;;
;;;;;;;;;;
